transaction_id,transaction_date,transaction_time,transaction_qty,store_id,store_location,product_id,unit_price,product_category,product_type,product_detail
1,2023-01-01,7:06:11,2,5,Lower Manhattan,32,3,Coffee,Gourmet brewed coffee,Ethiopia Rg
2,2023-01-01,7:08:56,2,5,Lower Manhattan,57,3.1,Tea,Brewed Chai tea,Spicy Eye Opener Chai Lg
3,2023-01-01,7:14:04,2,5,Lower Manhattan,59,4.5,Drinking Chocolate,Hot chocolate,Dark chocolate Lg
4,2023-01-01,7:20:24,1,5,Lower Manhattan,22,2,Coffee,Drip coffee,Our Old Time Diner Blend Sm
5,2023-01-01,7:22:41,2,5,Lower Manhattan,57,3.1,Tea,Brewed Chai tea,Spicy Eye Opener Chai Lg
6,2023-01-01,7:22:41,1,5,Lower Manhattan,77,3,Bakery,Scone,Oatmeal Scone
7,2023-01-01,7:25:49,1,5,Lower Manhattan,22,2,Coffee,Drip coffee,Our Old Time Diner Blend Sm
8,2023-01-01,7:33:34,2,5,Lower Manhattan,28,2,Coffee,Gourmet brewed coffee,Columbian Medium Roast Sm
9,2023-01-01,7:39:13,1,5,Lower Manhattan,39,4.25,Coffee,Barista Espresso,Latte Rg
10,2023-01-01,7:39:34,2,5,Lower Manhattan,58,3.5,Drinking Chocolate,Hot chocolate,Dark chocolate Rg
11,2023-01-01,7:43:05,1,5,Lower Manhattan,56,2.55,Tea,Brewed Chai tea,Spicy Eye Opener Chai Rg
12,2023-01-01,7:44:35,2,5,Lower Manhattan,33,3.5,Coffee,Gourmet brewed coffee,Ethiopia Lg
13,2023-01-01,7:45:51,1,5,Lower Manhattan,51,3,Tea,Brewed Black tea,Earl Grey Lg
14,2023-01-01,7:48:19,1,5,Lower Manhattan,57,3.1,Tea,Brewed Chai tea,Spicy Eye Opener Chai Lg
15,2023-01-01,7:52:36,2,5,Lower Manhattan,87,3,Coffee,Barista Espresso,Ouro Brasileiro shot
16,2023-01-01,7:59:58,2,5,Lower Manhattan,47,3,Tea,Brewed Green tea,Serenity Green Tea Lg
17,2023-01-01,7:59:58,1,5,Lower Manhattan,79,3.75,Bakery,Scone,Jumbo Savory Scone
18,2023-01-01,8:00:18,1,8,Hell's Kitchen,42,2.5,Tea,Brewed herbal tea,Lemon Grass Rg
19,2023-01-01,8:00:39,2,8,Hell's Kitchen,59,4.5,Drinking Chocolate,Hot chocolate,Dark chocolate Lg
20,2023-01-01,8:11:45,1,8,Hell's Kitchen,61,4.75,Drinking Chocolate,Hot chocolate,Sustainably Grown Organic Lg
21,2023-01-01,8:17:27,2,8,Hell's Kitchen,33,3.5,Coffee,Gourmet brewed coffee,Ethiopia Lg
22,2023-01-01,8:24:26,2,5,Lower Manhattan,56,2.55,Tea,Brewed Chai tea,Spicy Eye Opener Chai Rg
23,2023-01-01,8:24:26,1,5,Lower Manhattan,69,3.25,Bakery,Biscotti,Hazelnut Biscotti
24,2023-01-01,8:29:38,1,8,Hell's Kitchen,56,2.55,Tea,Brewed Chai tea,Spicy Eye Opener Chai Rg
25,2023-01-01,8:31:23,1,8,Hell's Kitchen,40,3.75,Coffee,Barista Espresso,Cappuccino
26,2023-01-01,8:33:08,1,5,Lower Manhattan,43,3,Tea,Brewed herbal tea,Lemon Grass Lg
27,2023-01-01,8:33:08,1,5,Lower Manhattan,76,3.5,Bakery,Biscotti,Chocolate Chip Biscotti
28,2023-01-01,8:35:03,2,5,Lower Manhattan,45,3,Tea,Brewed herbal tea,Peppermint Lg
29,2023-01-01,8:35:03,1,5,Lower Manhattan,71,3.75,Bakery,Pastry,Chocolate Croissant
30,2023-01-01,8:41:57,2,8,Hell's Kitchen,40,3.75,Coffee,Barista Espresso,Cappuccino
31,2023-01-01,8:52:03,1,8,Hell's Kitchen,38,3.75,Coffee,Barista Espresso,Latte
32,2023-01-01,8:52:32,1,5,Lower Manhattan,26,3,Coffee,Organic brewed coffee,Brazilian Rg
33,2023-01-01,8:54:33,2,5,Lower Manhattan,27,3.5,Coffee,Organic brewed coffee,Brazilian Lg
34,2023-01-01,8:56:27,2,5,Lower Manhattan,29,2.5,Coffee,Gourmet brewed coffee,Columbian Medium Roast Rg
35,2023-01-01,8:57:46,1,8,Hell's Kitchen,54,2.5,Tea,Brewed Chai tea,Morning Sunrise Chai Rg
36,2023-01-01,8:58:55,1,5,Lower Manhattan,26,3,Coffee,Organic brewed coffee,Brazilian Rg
37,2023-01-01,9:00:12,1,5,Lower Manhattan,55,4,Tea,Brewed Chai tea,Morning Sunrise Chai Lg
38,2023-01-01,9:00:24,2,8,Hell's Kitchen,40,3.75,Coffee,Barista Espresso,Cappuccino
39,2023-01-01,9:07:13,1,8,Hell's Kitchen,45,3,Tea,Brewed herbal tea,Peppermint Lg
40,2023-01-01,9:08:09,2,8,Hell's Kitchen,45,3,Tea,Brewed herbal tea,Peppermint Lg
41,2023-01-01,9:08:13,1,8,Hell's Kitchen,24,3,Coffee,Drip coffee,Our Old Time Diner Blend Lg
42,2023-01-01,9:10:30,2,5,Lower Manhattan,60,3.75,Drinking Chocolate,Hot chocolate,Sustainably Grown Organic Rg
43,2023-01-01,9:10:30,1,5,Lower Manhattan,78,4.5,Bakery,Scone,Scottish Cream Scone 
44,2023-01-01,9:11:06,1,5,Lower Manhattan,56,2.55,Tea,Brewed Chai tea,Spicy Eye Opener Chai Rg
45,2023-01-01,9:11:06,1,5,Lower Manhattan,77,3,Bakery,Scone,Oatmeal Scone
46,2023-01-01,9:13:01,1,5,Lower Manhattan,44,2.5,Tea,Brewed herbal tea,Peppermint Rg
47,2023-01-01,9:13:15,2,5,Lower Manhattan,56,2.55,Tea,Brewed Chai tea,Spicy Eye Opener Chai Rg
48,2023-01-01,9:14:16,1,5,Lower Manhattan,48,2.5,Tea,Brewed Black tea,English Breakfast Rg
49,2023-01-01,9:14:17,1,8,Hell's Kitchen,23,2.5,Coffee,Drip coffee,Our Old Time Diner Blend Rg
50,2023-01-01,9:14:25,1,8,Hell's Kitchen,46,2.5,Tea,Brewed Green tea,Serenity Green Tea Rg
51,2023-01-01,9:14:41,1,8,Hell's Kitchen,32,3,Coffee,Gourmet brewed coffee,Ethiopia Rg
52,2023-01-01,9:15:09,2,5,Lower Manhattan,47,3,Tea,Brewed Green tea,Serenity Green Tea Lg
53,2023-01-01,9:15:13,2,5,Lower Manhattan,43,3,Tea,Brewed herbal tea,Lemon Grass Lg
54,2023-01-01,9:19:21,2,5,Lower Manhattan,25,2.2,Coffee,Organic brewed coffee,Brazilian Sm
55,2023-01-01,9:19:26,1,8,Hell's Kitchen,59,4.5,Drinking Chocolate,Hot chocolate,Dark chocolate Lg
56,2023-01-01,9:21:08,1,5,Lower Manhattan,38,3.75,Coffee,Barista Espresso,Latte
57,2023-01-01,9:22:17,1,8,Hell's Kitchen,45,3,Tea,Brewed herbal tea,Peppermint Lg
58,2023-01-01,9:22:46,1,5,Lower Manhattan,34,2.45,Coffee,Premium brewed coffee,Jamaican Coffee River Sm
59,2023-01-01,9:29:56,2,8,Hell's Kitchen,36,3.75,Coffee,Premium brewed coffee,Jamaican Coffee River Lg
60,2023-01-01,9:29:56,1,8,Hell's Kitchen,74,3.5,Bakery,Biscotti,Ginger Biscotti
61,2023-01-01,9:29:57,1,8,Hell's Kitchen,53,3,Tea,Brewed Chai tea,Traditional Blend Chai Lg
62,2023-01-01,9:34:17,2,8,Hell's Kitchen,41,4.25,Coffee,Barista Espresso,Cappuccino Lg
63,2023-01-01,9:40:13,1,5,Lower Manhattan,41,4.25,Coffee,Barista Espresso,Cappuccino Lg
64,2023-01-01,9:41:22,2,5,Lower Manhattan,45,3,Tea,Brewed herbal tea,Peppermint Lg
65,2023-01-01,9:41:22,1,5,Lower Manhattan,79,3.75,Bakery,Scone,Jumbo Savory Scone
66,2023-01-01,9:44:20,2,5,Lower Manhattan,54,2.5,Tea,Brewed Chai tea,Morning Sunrise Chai Rg
67,2023-01-01,9:44:46,1,5,Lower Manhattan,24,3,Coffee,Drip coffee,Our Old Time Diner Blend Lg
68,2023-01-01,9:46:46,2,5,Lower Manhattan,37,3,Coffee,Barista Espresso,Espresso shot
69,2023-01-01,9:47:40,2,8,Hell's Kitchen,40,3.75,Coffee,Barista Espresso,Cappuccino
70,2023-01-01,9:50:44,2,5,Lower Manhattan,37,3,Coffee,Barista Espresso,Espresso shot
71,2023-01-01,9:50:44,1,5,Lower Manhattan,69,3.25,Bakery,Biscotti,Hazelnut Biscotti
72,2023-01-01,9:52:58,1,5,Lower Manhattan,50,2.5,Tea,Brewed Black tea,Earl Grey Rg
73,2023-01-01,9:53:28,1,8,Hell's Kitchen,47,3,Tea,Brewed Green tea,Serenity Green Tea Lg
74,2023-01-01,9:53:44,2,8,Hell's Kitchen,40,3.75,Coffee,Barista Espresso,Cappuccino
75,2023-01-01,9:53:44,1,8,Hell's Kitchen,72,3.25,Bakery,Scone,Ginger Scone
76,2023-01-01,9:53:49,1,8,Hell's Kitchen,35,3.1,Coffee,Premium brewed coffee,Jamaican Coffee River Rg
77,2023-01-01,9:54:46,1,5,Lower Manhattan,23,2.5,Coffee,Drip coffee,Our Old Time Diner Blend Rg
78,2023-01-01,9:55:16,2,5,Lower Manhattan,43,3,Tea,Brewed herbal tea,Lemon Grass Lg
79,2023-01-01,9:56:30,1,8,Hell's Kitchen,22,2,Coffee,Drip coffee,Our Old Time Diner Blend Sm
80,2023-01-01,10:00:39,2,8,Hell's Kitchen,32,3,Coffee,Gourmet brewed coffee,Ethiopia Rg
81,2023-01-01,10:03:55,2,8,Hell's Kitchen,36,3.75,Coffee,Premium brewed coffee,Jamaican Coffee River Lg
82,2023-01-01,10:14:49,1,5,Lower Manhattan,26,3,Coffee,Organic brewed coffee,Brazilian Rg
83,2023-01-01,10:14:49,1,5,Lower Manhattan,71,3.75,Bakery,Pastry,Chocolate Croissant
84,2023-01-01,10:16:30,2,5,Lower Manhattan,32,3,Coffee,Gourmet brewed coffee,Ethiopia Rg
85,2023-01-01,10:16:33,1,8,Hell's Kitchen,54,2.5,Tea,Brewed Chai tea,Morning Sunrise Chai Rg
86,2023-01-01,10:18:14,2,8,Hell's Kitchen,41,4.25,Coffee,Barista Espresso,Cappuccino Lg
87,2023-01-01,10:18:52,2,5,Lower Manhattan,25,2.2,Coffee,Organic brewed coffee,Brazilian Sm
88,2023-01-01,10:19:42,2,5,Lower Manhattan,23,2.5,Coffee,Drip coffee,Our Old Time Diner Blend Rg
89,2023-01-01,10:24:19,1,8,Hell's Kitchen,54,2.5,Tea,Brewed Chai tea,Morning Sunrise Chai Rg
90,2023-01-01,10:25:22,2,8,Hell's Kitchen,56,2.55,Tea,Brewed Chai tea,Spicy Eye Opener Chai Rg
91,2023-01-01,10:25:45,2,5,Lower Manhattan,58,3.5,Drinking Chocolate,Hot chocolate,Dark chocolate Rg
92,2023-01-01,10:25:45,1,5,Lower Manhattan,74,3.5,Bakery,Biscotti,Ginger Biscotti
93,2023-01-01,10:27:48,2,8,Hell's Kitchen,47,3,Tea,Brewed Green tea,Serenity Green Tea Lg
94,2023-01-01,10:30:07,1,5,Lower Manhattan,35,3.1,Coffee,Premium brewed coffee,Jamaican Coffee River Rg
95,2023-01-01,10:30:07,1,5,Lower Manhattan,70,3.25,Bakery,Scone,Cranberry Scone
96,2023-01-01,10:35:47,1,8,Hell's Kitchen,60,3.75,Drinking Chocolate,Hot chocolate,Sustainably Grown Organic Rg
97,2023-01-01,10:41:53,1,5,Lower Manhattan,59,4.5,Drinking Chocolate,Hot chocolate,Dark chocolate Lg
98,2023-01-01,10:47:53,2,5,Lower Manhattan,36,3.75,Coffee,Premium brewed coffee,Jamaican Coffee River Lg
99,2023-01-01,10:49:13,2,8,Hell's Kitchen,51,3,Tea,Brewed Black tea,Earl Grey Lg
100,2023-01-01,10:49:51,2,5,Lower Manhattan,61,4.75,Drinking Chocolate,Hot chocolate,Sustainably Grown Organic Lg
101,2023-01-01,10:51:17,1,5,Lower Manhattan,47,3,Tea,Brewed Green tea,Serenity Green Tea Lg
102,2023-01-01,10:52:44,2,8,Hell's Kitchen,23,2.5,Coffee,Drip coffee,Our Old Time Diner Blend Rg
103,2023-01-01,10:52:44,1,8,Hell's Kitchen,73,3.75,Bakery,Pastry,Almond Croissant
104,2023-01-01,10:56:14,1,5,Lower Manhattan,38,3.75,Coffee,Barista Espresso,Latte
105,2023-01-01,10:56:14,1,5,Lower Manhattan,76,3.5,Bakery,Biscotti,Chocolate Chip Biscotti
106,2023-01-01,11:01:48,1,3,Astoria,22,2,Coffee,Drip coffee,Our Old Time Diner Blend Sm
107,2023-01-01,11:01:58,1,3,Astoria,38,3.75,Coffee,Barista Espresso,Latte
108,2023-01-01,11:01:58,1,3,Astoria,75,3.5,Bakery,Pastry,Croissant
109,2023-01-01,11:03:25,2,5,Lower Manhattan,47,3,Tea,Brewed Green tea,Serenity Green Tea Lg
110,2023-01-01,11:03:25,1,5,Lower Manhattan,75,3.5,Bakery,Pastry,Croissant
111,2023-01-01,11:04:32,2,8,Hell's Kitchen,39,4.25,Coffee,Barista Espresso,Latte Rg
112,2023-01-01,11:08:11,1,3,Astoria,59,4.5,Drinking Chocolate,Hot chocolate,Dark chocolate Lg
113,2023-01-01,11:08:59,2,8,Hell's Kitchen,51,3,Tea,Brewed Black tea,Earl Grey Lg
114,2023-01-01,11:09:01,1,3,Astoria,59,4.5,Drinking Chocolate,Hot chocolate,Dark chocolate Lg
115,2023-01-01,11:10:21,1,3,Astoria,47,3,Tea,Brewed Green tea,Serenity Green Tea Lg
116,2023-01-01,11:10:21,1,3,Astoria,79,3.75,Bakery,Scone,Jumbo Savory Scone
117,2023-01-01,11:10:58,1,3,Astoria,46,2.5,Tea,Brewed Green tea,Serenity Green Tea Rg
118,2023-01-01,11:12:29,1,3,Astoria,43,3,Tea,Brewed herbal tea,Lemon Grass Lg
119,2023-01-01,11:16:02,2,3,Astoria,45,3,Tea,Brewed herbal tea,Peppermint Lg
120,2023-01-01,11:21:00,2,8,Hell's Kitchen,54,2.5,Tea,Brewed Chai tea,Morning Sunrise Chai Rg
121,2023-01-01,11:21:04,2,5,Lower Manhattan,51,3,Tea,Brewed Black tea,Earl Grey Lg
122,2023-01-01,11:21:14,1,3,Astoria,60,3.75,Drinking Chocolate,Hot chocolate,Sustainably Grown Organic Rg
123,2023-01-01,11:23:01,1,8,Hell's Kitchen,31,2.2,Coffee,Gourmet brewed coffee,Ethiopia Sm
124,2023-01-01,11:23:43,2,5,Lower Manhattan,60,3.75,Drinking Chocolate,Hot chocolate,Sustainably Grown Organic Rg
125,2023-01-01,11:23:43,1,5,Lower Manhattan,77,3,Bakery,Scone,Oatmeal Scone
126,2023-01-01,11:25:35,2,3,Astoria,49,3,Tea,Brewed Black tea,English Breakfast Lg
127,2023-01-01,11:25:37,2,5,Lower Manhattan,40,3.75,Coffee,Barista Espresso,Cappuccino
128,2023-01-01,11:28:15,2,8,Hell's Kitchen,44,2.5,Tea,Brewed herbal tea,Peppermint Rg
129,2023-01-01,11:28:29,2,3,Astoria,33,3.5,Coffee,Gourmet brewed coffee,Ethiopia Lg
130,2023-01-01,11:29:25,2,5,Lower Manhattan,56,2.55,Tea,Brewed Chai tea,Spicy Eye Opener Chai Rg
131,2023-01-01,11:29:57,2,8,Hell's Kitchen,35,3.1,Coffee,Premium brewed coffee,Jamaican Coffee River Rg
132,2023-01-01,11:29:57,1,8,Hell's Kitchen,78,4.5,Bakery,Scone,Scottish Cream Scone 
133,2023-01-01,11:30:22,1,8,Hell's Kitchen,23,2.5,Coffee,Drip coffee,Our Old Time Diner Blend Rg
134,2023-01-01,11:31:35,1,8,Hell's Kitchen,24,3,Coffee,Drip coffee,Our Old Time Diner Blend Lg
135,2023-01-01,11:31:43,2,5,Lower Manhattan,51,3,Tea,Brewed Black tea,Earl Grey Lg
136,2023-01-01,11:31:43,1,5,Lower Manhattan,72,3.25,Bakery,Scone,Ginger Scone
137,2023-01-01,11:31:53,2,5,Lower Manhattan,54,2.5,Tea,Brewed Chai tea,Morning Sunrise Chai Rg
138,2023-01-01,11:31:53,1,5,Lower Manhattan,75,3.5,Bakery,Pastry,Croissant
139,2023-01-01,11:39:14,1,5,Lower Manhattan,60,3.75,Drinking Chocolate,Hot chocolate,Sustainably Grown Organic Rg
140,2023-01-01,11:39:14,1,5,Lower Manhattan,71,3.75,Bakery,Pastry,Chocolate Croissant
141,2023-01-01,11:40:26,2,3,Astoria,52,2.5,Tea,Brewed Chai tea,Traditional Blend Chai Rg
142,2023-01-01,11:43:57,2,3,Astoria,25,2.2,Coffee,Organic brewed coffee,Brazilian Sm
143,2023-01-01,11:44:09,1,5,Lower Manhattan,38,3.75,Coffee,Barista Espresso,Latte
144,2023-01-01,11:47:13,1,3,Astoria,30,3,Coffee,Gourmet brewed coffee,Columbian Medium Roast Lg
145,2023-01-01,11:48:56,2,8,Hell's Kitchen,50,2.5,Tea,Brewed Black tea,Earl Grey Rg
146,2023-01-01,11:49:42,1,8,Hell's Kitchen,54,2.5,Tea,Brewed Chai tea,Morning Sunrise Chai Rg
147,2023-01-01,11:49:42,1,8,Hell's Kitchen,72,3.25,Bakery,Scone,Ginger Scone
148,2023-01-01,11:50:16,2,3,Astoria,26,3,Coffee,Organic brewed coffee,Brazilian Rg
149,2023-01-01,11:50:23,2,3,Astoria,36,3.75,Coffee,Premium brewed coffee,Jamaican Coffee River Lg
150,2023-01-01,11:50:58,2,5,Lower Manhattan,45,3,Tea,Brewed herbal tea,Peppermint Lg
151,2023-01-01,11:51:30,2,8,Hell's Kitchen,33,3.5,Coffee,Gourmet brewed coffee,Ethiopia Lg
152,2023-01-01,11:52:31,1,5,Lower Manhattan,57,3.1,Tea,Brewed Chai tea,Spicy Eye Opener Chai Lg
153,2023-01-01,11:57:17,2,3,Astoria,37,3,Coffee,Barista Espresso,Espresso shot
154,2023-01-01,11:57:59,1,3,Astoria,50,2.5,Tea,Brewed Black tea,Earl Grey Rg
155,2023-01-01,11:57:59,1,3,Astoria,79,3.75,Bakery,Scone,Jumbo Savory Scone
156,2023-01-01,11:58:15,2,3,Astoria,60,3.75,Drinking Chocolate,Hot chocolate,Sustainably Grown Organic Rg
157,2023-01-01,12:00:20,1,5,Lower Manhattan,29,2.5,Coffee,Gourmet brewed coffee,Columbian Medium Roast Rg
158,2023-01-01,12:01:00,2,3,Astoria,49,3,Tea,Brewed Black tea,English Breakfast Lg
159,2023-01-01,12:01:20,2,3,Astoria,35,3.1,Coffee,Premium brewed coffee,Jamaican Coffee River Rg
160,2023-01-01,12:01:20,1,3,Astoria,75,3.5,Bakery,Pastry,Croissant
161,2023-01-01,12:03:09,1,8,Hell's Kitchen,36,3.75,Coffee,Premium brewed coffee,Jamaican Coffee River Lg
162,2023-01-01,12:03:38,1,8,Hell's Kitchen,47,3,Tea,Brewed Green tea,Serenity Green Tea Lg
163,2023-01-01,12:03:43,1,3,Astoria,44,2.5,Tea,Brewed herbal tea,Peppermint Rg
164,2023-01-01,12:04:22,2,8,Hell's Kitchen,27,3.5,Coffee,Organic brewed coffee,Brazilian Lg
165,2023-01-01,12:05:31,2,3,Astoria,52,2.5,Tea,Brewed Chai tea,Traditional Blend Chai Rg
166,2023-01-01,12:06:29,1,5,Lower Manhattan,46,2.5,Tea,Brewed Green tea,Serenity Green Tea Rg
167,2023-01-01,12:07:42,1,8,Hell's Kitchen,24,3,Coffee,Drip coffee,Our Old Time Diner Blend Lg
168,2023-01-01,12:08:21,1,5,Lower Manhattan,43,3,Tea,Brewed herbal tea,Lemon Grass Lg
169,2023-01-01,12:08:36,1,8,Hell's Kitchen,35,3.1,Coffee,Premium brewed coffee,Jamaican Coffee River Rg
170,2023-01-01,12:09:11,2,3,Astoria,28,2,Coffee,Gourmet brewed coffee,Columbian Medium Roast Sm
171,2023-01-01,12:09:12,2,8,Hell's Kitchen,50,2.5,Tea,Brewed Black tea,Earl Grey Rg
172,2023-01-01,12:13:07,2,5,Lower Manhattan,38,3.75,Coffee,Barista Espresso,Latte
173,2023-01-01,12:14:26,2,8,Hell's Kitchen,35,3.1,Coffee,Premium brewed coffee,Jamaican Coffee River Rg
174,2023-01-01,12:17:38,2,8,Hell's Kitchen,50,2.5,Tea,Brewed Black tea,Earl Grey Rg
175,2023-01-01,12:18:07,2,5,Lower Manhattan,25,2.2,Coffee,Organic brewed coffee,Brazilian Sm
176,2023-01-01,12:18:44,2,3,Astoria,49,3,Tea,Brewed Black tea,English Breakfast Lg
177,2023-01-01,12:20:16,2,3,Astoria,60,3.75,Drinking Chocolate,Hot chocolate,Sustainably Grown Organic Rg
178,2023-01-01,12:23:39,1,3,Astoria,24,3,Coffee,Drip coffee,Our Old Time Diner Blend Lg
179,2023-01-01,12:27:06,2,5,Lower Manhattan,41,4.25,Coffee,Barista Espresso,Cappuccino Lg
180,2023-01-01,12:30:46,2,3,Astoria,44,2.5,Tea,Brewed herbal tea,Peppermint Rg
181,2023-01-01,12:30:49,1,8,Hell's Kitchen,38,3.75,Coffee,Barista Espresso,Latte
182,2023-01-01,12:33:20,2,3,Astoria,54,2.5,Tea,Brewed Chai tea,Morning Sunrise Chai Rg
183,2023-01-01,12:33:35,2,3,Astoria,29,2.5,Coffee,Gourmet brewed coffee,Columbian Medium Roast Rg
184,2023-01-01,12:35:53,2,5,Lower Manhattan,31,2.2,Coffee,Gourmet brewed coffee,Ethiopia Sm
185,2023-01-01,12:36:57,1,8,Hell's Kitchen,60,3.75,Drinking Chocolate,Hot chocolate,Sustainably Grown Organic Rg
186,2023-01-01,12:38:28,2,8,Hell's Kitchen,49,3,Tea,Brewed Black tea,English Breakfast Lg
187,2023-01-01,12:42:26,1,3,Astoria,53,3,Tea,Brewed Chai tea,Traditional Blend Chai Lg
188,2023-01-01,12:44:01,1,8,Hell's Kitchen,60,3.75,Drinking Chocolate,Hot chocolate,Sustainably Grown Organic Rg
189,2023-01-01,12:44:31,1,3,Astoria,53,3,Tea,Brewed Chai tea,Traditional Blend Chai Lg
190,2023-01-01,12:44:32,1,3,Astoria,52,2.5,Tea,Brewed Chai tea,Traditional Blend Chai Rg
191,2023-01-01,12:45:52,2,3,Astoria,28,2,Coffee,Gourmet brewed coffee,Columbian Medium Roast Sm
192,2023-01-01,12:46:22,1,3,Astoria,56,2.55,Tea,Brewed Chai tea,Spicy Eye Opener Chai Rg
193,2023-01-01,12:46:26,1,3,Astoria,23,2.5,Coffee,Drip coffee,Our Old Time Diner Blend Rg
194,2023-01-01,12:46:55,1,3,Astoria,33,3.5,Coffee,Gourmet brewed coffee,Ethiopia Lg
195,2023-01-01,12:46:55,1,3,Astoria,75,3.5,Bakery,Pastry,Croissant
196,2023-01-01,12:48:08,2,3,Astoria,38,3.75,Coffee,Barista Espresso,Latte
197,2023-01-01,12:49:48,1,8,Hell's Kitchen,30,3,Coffee,Gourmet brewed coffee,Columbian Medium Roast Lg
198,2023-01-01,12:50:15,1,3,Astoria,59,4.5,Drinking Chocolate,Hot chocolate,Dark chocolate Lg
199,2023-01-01,12:50:28,2,3,Astoria,32,3,Coffee,Gourmet brewed coffee,Ethiopia Rg
200,2023-01-01,12:51:21,1,8,Hell's Kitchen,53,3,Tea,Brewed Chai tea,Traditional Blend Chai Lg
201,2023-01-01,12:51:57,1,5,Lower Manhattan,61,4.75,Drinking Chocolate,Hot chocolate,Sustainably Grown Organic Lg
202,2023-01-01,12:51:57,1,5,Lower Manhattan,72,3.25,Bakery,Scone,Ginger Scone
203,2023-01-01,12:52:18,1,5,Lower Manhattan,56,2.55,Tea,Brewed Chai tea,Spicy Eye Opener Chai Rg
204,2023-01-01,12:52:18,1,5,Lower Manhattan,75,3.5,Bakery,Pastry,Croissant
205,2023-01-01,12:53:11,2,8,Hell's Kitchen,29,2.5,Coffee,Gourmet brewed coffee,Columbian Medium Roast Rg
206,2023-01-01,12:53:59,1,8,Hell's Kitchen,37,3,Coffee,Barista Espresso,Espresso shot
207,2023-01-01,12:55:25,1,3,Astoria,49,3,Tea,Brewed Black tea,English Breakfast Lg
208,2023-01-01,12:55:27,1,5,Lower Manhattan,57,3.1,Tea,Brewed Chai tea,Spicy Eye Opener Chai Lg
209,2023-01-01,12:55:27,1,5,Lower Manhattan,75,3.5,Bakery,Pastry,Croissant
210,2023-01-01,12:55:36,1,8,Hell's Kitchen,45,3,Tea,Brewed herbal tea,Peppermint Lg
211,2023-01-01,12:55:53,2,8,Hell's Kitchen,26,3,Coffee,Organic brewed coffee,Brazilian Rg
212,2023-01-01,12:56:33,1,3,Astoria,61,4.75,Drinking Chocolate,Hot chocolate,Sustainably Grown Organic Lg
213,2023-01-01,12:56:59,1,3,Astoria,47,3,Tea,Brewed Green tea,Serenity Green Tea Lg
214,2023-01-01,12:58:54,2,3,Astoria,44,2.5,Tea,Brewed herbal tea,Peppermint Rg
215,2023-01-01,12:59:06,1,8,Hell's Kitchen,36,3.75,Coffee,Premium brewed coffee,Jamaican Coffee River Lg
216,2023-01-01,13:00:38,2,5,Lower Manhattan,30,3,Coffee,Gourmet brewed coffee,Columbian Medium Roast Lg
217,2023-01-01,13:01:33,2,5,Lower Manhattan,25,2.2,Coffee,Organic brewed coffee,Brazilian Sm
218,2023-01-01,13:02:40,1,8,Hell's Kitchen,49,3,Tea,Brewed Black tea,English Breakfast Lg
219,2023-01-01,13:02:40,1,8,Hell's Kitchen,78,4.5,Bakery,Scone,Scottish Cream Scone 
220,2023-01-01,13:02:52,1,8,Hell's Kitchen,26,3,Coffee,Organic brewed coffee,Brazilian Rg
221,2023-01-01,13:03:13,2,3,Astoria,43,3,Tea,Brewed herbal tea,Lemon Grass Lg
222,2023-01-01,13:04:01,2,8,Hell's Kitchen,25,2.2,Coffee,Organic brewed coffee,Brazilian Sm
223,2023-01-01,13:04:01,1,8,Hell's Kitchen,72,3.25,Bakery,Scone,Ginger Scone
224,2023-01-01,13:04:22,2,8,Hell's Kitchen,42,2.5,Tea,Brewed herbal tea,Lemon Grass Rg
225,2023-01-01,13:04:37,2,8,Hell's Kitchen,54,2.5,Tea,Brewed Chai tea,Morning Sunrise Chai Rg
226,2023-01-01,13:04:51,1,3,Astoria,22,2,Coffee,Drip coffee,Our Old Time Diner Blend Sm
227,2023-01-01,13:05:56,1,3,Astoria,58,3.5,Drinking Chocolate,Hot chocolate,Dark chocolate Rg
228,2023-01-01,13:07:37,2,5,Lower Manhattan,24,3,Coffee,Drip coffee,Our Old Time Diner Blend Lg
229,2023-01-01,13:09:03,1,3,Astoria,35,3.1,Coffee,Premium brewed coffee,Jamaican Coffee River Rg
230,2023-01-01,13:12:03,2,5,Lower Manhattan,30,3,Coffee,Gourmet brewed coffee,Columbian Medium Roast Lg
231,2023-01-01,13:13:09,1,5,Lower Manhattan,60,3.75,Drinking Chocolate,Hot chocolate,Sustainably Grown Organic Rg
232,2023-01-01,13:17:30,1,8,Hell's Kitchen,56,2.55,Tea,Brewed Chai tea,Spicy Eye Opener Chai Rg
233,2023-01-01,13:17:32,2,3,Astoria,55,4,Tea,Brewed Chai tea,Morning Sunrise Chai Lg
234,2023-01-01,13:18:34,2,8,Hell's Kitchen,49,3,Tea,Brewed Black tea,English Breakfast Lg
235,2023-01-01,13:19:09,1,8,Hell's Kitchen,55,4,Tea,Brewed Chai tea,Morning Sunrise Chai Lg
236,2023-01-01,13:19:09,1,8,Hell's Kitchen,75,3.5,Bakery,Pastry,Croissant
237,2023-01-01,13:19:36,1,3,Astoria,23,2.5,Coffee,Drip coffee,Our Old Time Diner Blend Rg
238,2023-01-01,13:19:56,2,8,Hell's Kitchen,31,2.2,Coffee,Gourmet brewed coffee,Ethiopia Sm
239,2023-01-01,13:20:51,2,3,Astoria,35,3.1,Coffee,Premium brewed coffee,Jamaican Coffee River Rg
240,2023-01-01,13:21:23,2,3,Astoria,38,3.75,Coffee,Barista Espresso,Latte
241,2023-01-01,13:22:11,1,5,Lower Manhattan,23,2.5,Coffee,Drip coffee,Our Old Time Diner Blend Rg
242,2023-01-01,13:22:45,2,3,Astoria,46,2.5,Tea,Brewed Green tea,Serenity Green Tea Rg
243,2023-01-01,13:23:54,2,3,Astoria,58,3.5,Drinking Chocolate,Hot chocolate,Dark chocolate Rg
244,2023-01-01,13:24:29,2,5,Lower Manhattan,60,3.75,Drinking Chocolate,Hot chocolate,Sustainably Grown Organic Rg
245,2023-01-01,13:30:49,2,5,Lower Manhattan,31,2.2,Coffee,Gourmet brewed coffee,Ethiopia Sm
246,2023-01-01,13:32:07,2,5,Lower Manhattan,25,2.2,Coffee,Organic brewed coffee,Brazilian Sm
247,2023-01-01,13:32:34,1,5,Lower Manhattan,87,3,Coffee,Barista Espresso,Ouro Brasileiro shot
248,2023-01-01,13:34:12,2,3,Astoria,28,2,Coffee,Gourmet brewed coffee,Columbian Medium Roast Sm
249,2023-01-01,13:38:09,1,8,Hell's Kitchen,27,3.5,Coffee,Organic brewed coffee,Brazilian Lg
250,2023-01-01,13:38:11,2,8,Hell's Kitchen,40,3.75,Coffee,Barista Espresso,Cappuccino
251,2023-01-01,13:39:41,1,5,Lower Manhattan,51,3,Tea,Brewed Black tea,Earl Grey Lg
252,2023-01-01,13:40:47,2,3,Astoria,54,2.5,Tea,Brewed Chai tea,Morning Sunrise Chai Rg
253,2023-01-01,13:41:09,2,3,Astoria,42,2.5,Tea,Brewed herbal tea,Lemon Grass Rg
254,2023-01-01,13:42:10,1,3,Astoria,43,3,Tea,Brewed herbal tea,Lemon Grass Lg
255,2023-01-01,13:42:49,1,5,Lower Manhattan,36,3.75,Coffee,Premium brewed coffee,Jamaican Coffee River Lg
256,2023-01-01,13:42:58,1,5,Lower Manhattan,52,2.5,Tea,Brewed Chai tea,Traditional Blend Chai Rg
257,2023-01-01,13:42:58,1,5,Lower Manhattan,72,3.25,Bakery,Scone,Ginger Scone
258,2023-01-01,13:43:18,2,3,Astoria,54,2.5,Tea,Brewed Chai tea,Morning Sunrise Chai Rg
259,2023-01-01,13:43:18,1,3,Astoria,69,3.25,Bakery,Biscotti,Hazelnut Biscotti
260,2023-01-01,13:43:41,2,5,Lower Manhattan,25,2.2,Coffee,Organic brewed coffee,Brazilian Sm
261,2023-01-01,13:44:26,1,3,Astoria,57,3.1,Tea,Brewed Chai tea,Spicy Eye Opener Chai Lg
262,2023-01-01,13:47:51,1,8,Hell's Kitchen,40,3.75,Coffee,Barista Espresso,Cappuccino
263,2023-01-01,13:49:03,2,8,Hell's Kitchen,22,2,Coffee,Drip coffee,Our Old Time Diner Blend Sm
264,2023-01-01,13:50:09,1,5,Lower Manhattan,53,3,Tea,Brewed Chai tea,Traditional Blend Chai Lg
265,2023-01-01,13:50:47,2,8,Hell's Kitchen,54,2.5,Tea,Brewed Chai tea,Morning Sunrise Chai Rg
266,2023-01-01,13:51:56,2,8,Hell's Kitchen,32,3,Coffee,Gourmet brewed coffee,Ethiopia Rg
267,2023-01-01,13:53:04,2,3,Astoria,38,3.75,Coffee,Barista Espresso,Latte
268,2023-01-01,13:53:31,1,8,Hell's Kitchen,33,3.5,Coffee,Gourmet brewed coffee,Ethiopia Lg
269,2023-01-01,13:54:18,2,8,Hell's Kitchen,22,2,Coffee,Drip coffee,Our Old Time Diner Blend Sm
270,2023-01-01,13:55:04,1,5,Lower Manhattan,42,2.5,Tea,Brewed herbal tea,Lemon Grass Rg
271,2023-01-01,13:55:50,2,8,Hell's Kitchen,45,3,Tea,Brewed herbal tea,Peppermint Lg
272,2023-01-01,13:56:15,2,8,Hell's Kitchen,48,2.5,Tea,Brewed Black tea,English Breakfast Rg
273,2023-01-01,13:56:24,1,8,Hell's Kitchen,53,3,Tea,Brewed Chai tea,Traditional Blend Chai Lg
274,2023-01-01,13:57:34,2,5,Lower Manhattan,27,3.5,Coffee,Organic brewed coffee,Brazilian Lg
275,2023-01-01,13:57:34,1,5,Lower Manhattan,71,3.75,Bakery,Pastry,Chocolate Croissant
276,2023-01-01,13:58:10,2,3,Astoria,46,2.5,Tea,Brewed Green tea,Serenity Green Tea Rg
277,2023-01-01,13:58:11,1,5,Lower Manhattan,34,2.45,Coffee,Premium brewed coffee,Jamaican Coffee River Sm
278,2023-01-01,13:59:58,2,5,Lower Manhattan,39,4.25,Coffee,Barista Espresso,Latte Rg
279,2023-01-01,14:03:34,2,5,Lower Manhattan,25,2.2,Coffee,Organic brewed coffee,Brazilian Sm
280,2023-01-01,14:03:34,1,5,Lower Manhattan,69,3.25,Bakery,Biscotti,Hazelnut Biscotti
281,2023-01-01,14:03:41,1,3,Astoria,32,3,Coffee,Gourmet brewed coffee,Ethiopia Rg
282,2023-01-01,14:07:12,2,3,Astoria,41,4.25,Coffee,Barista Espresso,Cappuccino Lg
283,2023-01-01,14:07:56,1,3,Astoria,23,2.5,Coffee,Drip coffee,Our Old Time Diner Blend Rg
284,2023-01-01,14:08:03,1,8,Hell's Kitchen,24,3,Coffee,Drip coffee,Our Old Time Diner Blend Lg
285,2023-01-01,14:08:03,1,8,Hell's Kitchen,71,3.75,Bakery,Pastry,Chocolate Croissant
286,2023-01-01,14:11:14,2,8,Hell's Kitchen,60,3.75,Drinking Chocolate,Hot chocolate,Sustainably Grown Organic Rg
287,2023-01-01,14:13:28,2,5,Lower Manhattan,57,3.1,Tea,Brewed Chai tea,Spicy Eye Opener Chai Lg
288,2023-01-01,14:19:57,2,5,Lower Manhattan,23,2.5,Coffee,Drip coffee,Our Old Time Diner Blend Rg
289,2023-01-01,14:20:06,2,3,Astoria,35,3.1,Coffee,Premium brewed coffee,Jamaican Coffee River Rg
290,2023-01-01,14:20:08,2,3,Astoria,42,2.5,Tea,Brewed herbal tea,Lemon Grass Rg
291,2023-01-01,14:22:01,2,8,Hell's Kitchen,49,3,Tea,Brewed Black tea,English Breakfast Lg
292,2023-01-01,14:22:38,2,5,Lower Manhattan,39,4.25,Coffee,Barista Espresso,Latte Rg
293,2023-01-01,14:23:28,1,8,Hell's Kitchen,55,4,Tea,Brewed Chai tea,Morning Sunrise Chai Lg
294,2023-01-01,14:23:28,1,8,Hell's Kitchen,71,3.75,Bakery,Pastry,Chocolate Croissant
295,2023-01-01,14:24:55,2,3,Astoria,41,4.25,Coffee,Barista Espresso,Cappuccino Lg
296,2023-01-01,14:24:55,1,3,Astoria,79,3.75,Bakery,Scone,Jumbo Savory Scone
297,2023-01-01,14:25:32,2,3,Astoria,58,3.5,Drinking Chocolate,Hot chocolate,Dark chocolate Rg
298,2023-01-01,14:25:39,2,5,Lower Manhattan,24,3,Coffee,Drip coffee,Our Old Time Diner Blend Lg
299,2023-01-01,14:26:36,1,8,Hell's Kitchen,61,4.75,Drinking Chocolate,Hot chocolate,Sustainably Grown Organic Lg
300,2023-01-01,14:29:05,2,5,Lower Manhattan,45,3,Tea,Brewed herbal tea,Peppermint Lg
301,2023-01-01,14:29:50,2,5,Lower Manhattan,49,3,Tea,Brewed Black tea,English Breakfast Lg
302,2023-01-01,14:29:50,1,5,Lower Manhattan,78,4.5,Bakery,Scone,Scottish Cream Scone 
303,2023-01-01,14:30:51,1,8,Hell's Kitchen,48,2.5,Tea,Brewed Black tea,English Breakfast Rg
304,2023-01-01,14:30:58,1,5,Lower Manhattan,57,3.1,Tea,Brewed Chai tea,Spicy Eye Opener Chai Lg
305,2023-01-01,14:31:26,1,5,Lower Manhattan,42,2.5,Tea,Brewed herbal tea,Lemon Grass Rg
306,2023-01-01,14:32:20,2,8,Hell's Kitchen,30,3,Coffee,Gourmet brewed coffee,Columbian Medium Roast Lg
307,2023-01-01,14:32:42,2,5,Lower Manhattan,41,4.25,Coffee,Barista Espresso,Cappuccino Lg
308,2023-01-01,14:32:54,2,8,Hell's Kitchen,39,4.25,Coffee,Barista Espresso,Latte Rg
309,2023-01-01,14:35:47,1,3,Astoria,55,4,Tea,Brewed Chai tea,Morning Sunrise Chai Lg
310,2023-01-01,14:36:23,2,3,Astoria,30,3,Coffee,Gourmet brewed coffee,Columbian Medium Roast Lg
311,2023-01-01,14:36:35,1,5,Lower Manhattan,57,3.1,Tea,Brewed Chai tea,Spicy Eye Opener Chai Lg
312,2023-01-01,14:37:48,1,5,Lower Manhattan,44,2.5,Tea,Brewed herbal tea,Peppermint Rg
313,2023-01-01,14:39:06,1,5,Lower Manhattan,87,3,Coffee,Barista Espresso,Ouro Brasileiro shot
314,2023-01-01,14:39:48,2,8,Hell's Kitchen,34,2.45,Coffee,Premium brewed coffee,Jamaican Coffee River Sm
315,2023-01-01,14:42:39,2,5,Lower Manhattan,61,4.75,Drinking Chocolate,Hot chocolate,Sustainably Grown Organic Lg
316,2023-01-01,14:43:13,2,3,Astoria,50,2.5,Tea,Brewed Black tea,Earl Grey Rg
317,2023-01-01,14:45:31,1,3,Astoria,47,3,Tea,Brewed Green tea,Serenity Green Tea Lg
318,2023-01-01,14:46:09,1,8,Hell's Kitchen,48,2.5,Tea,Brewed Black tea,English Breakfast Rg
319,2023-01-01,14:47:29,1,8,Hell's Kitchen,24,3,Coffee,Drip coffee,Our Old Time Diner Blend Lg
320,2023-01-01,14:47:29,1,8,Hell's Kitchen,75,3.5,Bakery,Pastry,Croissant
321,2023-01-01,14:49:49,2,8,Hell's Kitchen,51,3,Tea,Brewed Black tea,Earl Grey Lg
322,2023-01-01,14:51:19,2,5,Lower Manhattan,43,3,Tea,Brewed herbal tea,Lemon Grass Lg
323,2023-01-01,14:55:34,2,3,Astoria,34,2.45,Coffee,Premium brewed coffee,Jamaican Coffee River Sm
324,2023-01-01,14:58:07,2,8,Hell's Kitchen,30,3,Coffee,Gourmet brewed coffee,Columbian Medium Roast Lg
325,2023-01-01,14:58:35,1,3,Astoria,43,3,Tea,Brewed herbal tea,Lemon Grass Lg
326,2023-01-01,15:02:04,2,3,Astoria,39,4.25,Coffee,Barista Espresso,Latte Rg
327,2023-01-01,15:02:28,1,8,Hell's Kitchen,38,3.75,Coffee,Barista Espresso,Latte
328,2023-01-01,15:06:27,2,5,Lower Manhattan,25,2.2,Coffee,Organic brewed coffee,Brazilian Sm
329,2023-01-01,15:08:28,2,3,Astoria,43,3,Tea,Brewed herbal tea,Lemon Grass Lg
330,2023-01-01,15:09:37,1,3,Astoria,22,2,Coffee,Drip coffee,Our Old Time Diner Blend Sm
331,2023-01-01,15:09:54,1,8,Hell's Kitchen,61,4.75,Drinking Chocolate,Hot chocolate,Sustainably Grown Organic Lg
332,2023-01-01,15:10:10,1,5,Lower Manhattan,40,3.75,Coffee,Barista Espresso,Cappuccino
333,2023-01-01,15:10:10,1,5,Lower Manhattan,75,3.5,Bakery,Pastry,Croissant
334,2023-01-01,15:12:22,1,3,Astoria,24,3,Coffee,Drip coffee,Our Old Time Diner Blend Lg
335,2023-01-01,15:12:54,2,3,Astoria,52,2.5,Tea,Brewed Chai tea,Traditional Blend Chai Rg
336,2023-01-01,15:14:19,2,3,Astoria,26,3,Coffee,Organic brewed coffee,Brazilian Rg
337,2023-01-01,15:16:37,2,5,Lower Manhattan,38,3.75,Coffee,Barista Espresso,Latte
338,2023-01-01,15:18:56,1,3,Astoria,61,4.75,Drinking Chocolate,Hot chocolate,Sustainably Grown Organic Lg
339,2023-01-01,15:19:34,1,3,Astoria,29,2.5,Coffee,Gourmet brewed coffee,Columbian Medium Roast Rg
340,2023-01-01,15:21:05,2,8,Hell's Kitchen,30,3,Coffee,Gourmet brewed coffee,Columbian Medium Roast Lg
341,2023-01-01,15:22:11,2,3,Astoria,39,4.25,Coffee,Barista Espresso,Latte Rg
342,2023-01-01,15:24:01,1,8,Hell's Kitchen,26,3,Coffee,Organic brewed coffee,Brazilian Rg
343,2023-01-01,15:25:09,2,5,Lower Manhattan,50,2.5,Tea,Brewed Black tea,Earl Grey Rg
344,2023-01-01,15:27:11,2,3,Astoria,58,3.5,Drinking Chocolate,Hot chocolate,Dark chocolate Rg
345,2023-01-01,15:28:29,1,3,Astoria,58,3.5,Drinking Chocolate,Hot chocolate,Dark chocolate Rg
346,2023-01-01,15:28:54,1,5,Lower Manhattan,43,3,Tea,Brewed herbal tea,Lemon Grass Lg
347,2023-01-01,15:29:24,1,3,Astoria,57,3.1,Tea,Brewed Chai tea,Spicy Eye Opener Chai Lg
348,2023-01-01,15:29:24,1,3,Astoria,70,3.25,Bakery,Scone,Cranberry Scone
349,2023-01-01,15:30:16,1,3,Astoria,43,3,Tea,Brewed herbal tea,Lemon Grass Lg
350,2023-01-01,15:30:27,2,3,Astoria,31,2.2,Coffee,Gourmet brewed coffee,Ethiopia Sm
351,2023-01-01,15:30:58,1,5,Lower Manhattan,34,2.45,Coffee,Premium brewed coffee,Jamaican Coffee River Sm
352,2023-01-01,15:30:58,2,8,Hell's Kitchen,29,2.5,Coffee,Gourmet brewed coffee,Columbian Medium Roast Rg
353,2023-01-01,15:33:36,2,5,Lower Manhattan,28,2,Coffee,Gourmet brewed coffee,Columbian Medium Roast Sm
354,2023-01-01,15:33:36,1,5,Lower Manhattan,74,3.5,Bakery,Biscotti,Ginger Biscotti
355,2023-01-01,15:34:10,2,3,Astoria,41,4.25,Coffee,Barista Espresso,Cappuccino Lg
356,2023-01-01,15:34:10,1,3,Astoria,76,3.5,Bakery,Biscotti,Chocolate Chip Biscotti
357,2023-01-01,15:36:59,2,5,Lower Manhattan,37,3,Coffee,Barista Espresso,Espresso shot
358,2023-01-01,15:39:44,1,8,Hell's Kitchen,44,2.5,Tea,Brewed herbal tea,Peppermint Rg
359,2023-01-01,15:42:20,1,3,Astoria,36,3.75,Coffee,Premium brewed coffee,Jamaican Coffee River Lg
360,2023-01-01,15:45:16,2,3,Astoria,46,2.5,Tea,Brewed Green tea,Serenity Green Tea Rg
361,2023-01-01,15:46:34,2,5,Lower Manhattan,40,3.75,Coffee,Barista Espresso,Cappuccino
362,2023-01-01,15:51:15,2,8,Hell's Kitchen,35,3.1,Coffee,Premium brewed coffee,Jamaican Coffee River Rg
363,2023-01-01,15:52:23,2,5,Lower Manhattan,39,4.25,Coffee,Barista Espresso,Latte Rg
364,2023-01-01,15:52:23,1,5,Lower Manhattan,69,3.25,Bakery,Biscotti,Hazelnut Biscotti
365,2023-01-01,15:53:55,2,5,Lower Manhattan,33,3.5,Coffee,Gourmet brewed coffee,Ethiopia Lg
366,2023-01-01,15:55:45,1,8,Hell's Kitchen,24,3,Coffee,Drip coffee,Our Old Time Diner Blend Lg
367,2023-01-01,15:55:50,2,3,Astoria,31,2.2,Coffee,Gourmet brewed coffee,Ethiopia Sm
368,2023-01-01,15:58:55,1,8,Hell's Kitchen,48,2.5,Tea,Brewed Black tea,English Breakfast Rg
369,2023-01-01,16:00:23,1,8,Hell's Kitchen,38,3.75,Coffee,Barista Espresso,Latte
370,2023-01-01,16:02:07,1,8,Hell's Kitchen,41,4.25,Coffee,Barista Espresso,Cappuccino Lg
371,2023-01-01,16:03:30,2,3,Astoria,34,2.45,Coffee,Premium brewed coffee,Jamaican Coffee River Sm
372,2023-01-01,16:03:54,1,8,Hell's Kitchen,46,2.5,Tea,Brewed Green tea,Serenity Green Tea Rg
373,2023-01-01,16:04:10,2,3,Astoria,42,2.5,Tea,Brewed herbal tea,Lemon Grass Rg
374,2023-01-01,16:06:04,2,3,Astoria,23,2.5,Coffee,Drip coffee,Our Old Time Diner Blend Rg
375,2023-01-01,16:07:20,2,3,Astoria,23,2.5,Coffee,Drip coffee,Our Old Time Diner Blend Rg
376,2023-01-01,16:08:59,2,3,Astoria,42,2.5,Tea,Brewed herbal tea,Lemon Grass Rg
377,2023-01-01,16:10:37,2,3,Astoria,42,2.5,Tea,Brewed herbal tea,Lemon Grass Rg
378,2023-01-01,16:12:00,1,8,Hell's Kitchen,87,3,Coffee,Barista Espresso,Ouro Brasileiro shot
379,2023-01-01,16:17:06,2,3,Astoria,34,2.45,Coffee,Premium brewed coffee,Jamaican Coffee River Sm
380,2023-01-01,16:17:52,2,3,Astoria,29,2.5,Coffee,Gourmet brewed coffee,Columbian Medium Roast Rg
381,2023-01-01,16:19:00,2,8,Hell's Kitchen,29,2.5,Coffee,Gourmet brewed coffee,Columbian Medium Roast Rg
382,2023-01-01,16:19:17,1,3,Astoria,56,2.55,Tea,Brewed Chai tea,Spicy Eye Opener Chai Rg
383,2023-01-01,16:19:26,2,5,Lower Manhattan,40,3.75,Coffee,Barista Espresso,Cappuccino
384,2023-01-01,16:20:07,2,3,Astoria,36,3.75,Coffee,Premium brewed coffee,Jamaican Coffee River Lg
385,2023-01-01,16:22:07,1,5,Lower Manhattan,22,2,Coffee,Drip coffee,Our Old Time Diner Blend Sm
386,2023-01-01,16:22:38,1,3,Astoria,22,2,Coffee,Drip coffee,Our Old Time Diner Blend Sm
387,2023-01-01,16:25:28,1,3,Astoria,44,2.5,Tea,Brewed herbal tea,Peppermint Rg
388,2023-01-01,16:27:42,1,5,Lower Manhattan,56,2.55,Tea,Brewed Chai tea,Spicy Eye Opener Chai Rg
389,2023-01-01,16:28:00,2,8,Hell's Kitchen,53,3,Tea,Brewed Chai tea,Traditional Blend Chai Lg
390,2023-01-01,16:28:57,1,5,Lower Manhattan,42,2.5,Tea,Brewed herbal tea,Lemon Grass Rg
391,2023-01-01,16:29:36,2,3,Astoria,27,3.5,Coffee,Organic brewed coffee,Brazilian Lg
392,2023-01-01,16:30:12,1,3,Astoria,40,3.75,Coffee,Barista Espresso,Cappuccino
393,2023-01-01,16:33:35,1,3,Astoria,35,3.1,Coffee,Premium brewed coffee,Jamaican Coffee River Rg
394,2023-01-01,16:35:11,1,5,Lower Manhattan,28,2,Coffee,Gourmet brewed coffee,Columbian Medium Roast Sm
395,2023-01-01,16:39:24,1,3,Astoria,36,3.75,Coffee,Premium brewed coffee,Jamaican Coffee River Lg
396,2023-01-01,16:39:27,1,8,Hell's Kitchen,58,3.5,Drinking Chocolate,Hot chocolate,Dark chocolate Rg
397,2023-01-01,16:40:18,1,3,Astoria,33,3.5,Coffee,Gourmet brewed coffee,Ethiopia Lg
398,2023-01-01,16:40:19,1,5,Lower Manhattan,46,2.5,Tea,Brewed Green tea,Serenity Green Tea Rg
399,2023-01-01,16:41:51,1,5,Lower Manhattan,23,2.5,Coffee,Drip coffee,Our Old Time Diner Blend Rg
400,2023-01-01,16:43:33,2,8,Hell's Kitchen,50,2.5,Tea,Brewed Black tea,Earl Grey Rg
401,2023-01-01,16:44:46,2,3,Astoria,54,2.5,Tea,Brewed Chai tea,Morning Sunrise Chai Rg
402,2023-01-01,16:47:05,1,5,Lower Manhattan,44,2.5,Tea,Brewed herbal tea,Peppermint Rg
403,2023-01-01,16:47:05,1,5,Lower Manhattan,72,3.25,Bakery,Scone,Ginger Scone
404,2023-01-01,16:48:31,2,5,Lower Manhattan,44,2.5,Tea,Brewed herbal tea,Peppermint Rg
405,2023-01-01,16:49:19,1,5,Lower Manhattan,53,3,Tea,Brewed Chai tea,Traditional Blend Chai Lg
406,2023-01-01,16:49:19,1,5,Lower Manhattan,71,3.75,Bakery,Pastry,Chocolate Croissant
407,2023-01-01,16:49:38,1,3,Astoria,52,2.5,Tea,Brewed Chai tea,Traditional Blend Chai Rg
408,2023-01-01,16:52:13,2,8,Hell's Kitchen,42,2.5,Tea,Brewed herbal tea,Lemon Grass Rg
409,2023-01-01,16:52:51,1,5,Lower Manhattan,50,2.5,Tea,Brewed Black tea,Earl Grey Rg
410,2023-01-01,16:56:48,1,3,Astoria,28,2,Coffee,Gourmet brewed coffee,Columbian Medium Roast Sm
411,2023-01-01,16:58:42,1,3,Astoria,58,3.5,Drinking Chocolate,Hot chocolate,Dark chocolate Rg
412,2023-01-01,16:58:42,1,3,Astoria,69,3.25,Bakery,Biscotti,Hazelnut Biscotti
413,2023-01-01,17:01:03,2,5,Lower Manhattan,36,3.75,Coffee,Premium brewed coffee,Jamaican Coffee River Lg
414,2023-01-01,17:01:31,2,8,Hell's Kitchen,50,2.5,Tea,Brewed Black tea,Earl Grey Rg
415,2023-01-01,17:03:21,1,3,Astoria,50,2.5,Tea,Brewed Black tea,Earl Grey Rg
416,2023-01-01,17:05:44,2,3,Astoria,36,3.75,Coffee,Premium brewed coffee,Jamaican Coffee River Lg
417,2023-01-01,17:09:18,2,8,Hell's Kitchen,47,3,Tea,Brewed Green tea,Serenity Green Tea Lg
418,2023-01-01,17:10:34,1,3,Astoria,27,3.5,Coffee,Organic brewed coffee,Brazilian Lg
419,2023-01-01,17:10:35,1,3,Astoria,59,4.5,Drinking Chocolate,Hot chocolate,Dark chocolate Lg
420,2023-01-01,17:11:58,2,8,Hell's Kitchen,36,3.75,Coffee,Premium brewed coffee,Jamaican Coffee River Lg
421,2023-01-01,17:13:17,2,5,Lower Manhattan,31,2.2,Coffee,Gourmet brewed coffee,Ethiopia Sm
422,2023-01-01,17:16:17,1,8,Hell's Kitchen,35,3.1,Coffee,Premium brewed coffee,Jamaican Coffee River Rg
423,2023-01-01,17:17:19,2,8,Hell's Kitchen,55,4,Tea,Brewed Chai tea,Morning Sunrise Chai Lg
424,2023-01-01,17:17:22,1,8,Hell's Kitchen,31,2.2,Coffee,Gourmet brewed coffee,Ethiopia Sm
425,2023-01-01,17:18:36,1,3,Astoria,29,2.5,Coffee,Gourmet brewed coffee,Columbian Medium Roast Rg
426,2023-01-01,17:19:08,2,5,Lower Manhattan,34,2.45,Coffee,Premium brewed coffee,Jamaican Coffee River Sm
427,2023-01-01,17:19:08,1,5,Lower Manhattan,75,3.5,Bakery,Pastry,Croissant
428,2023-01-01,17:19:11,2,8,Hell's Kitchen,39,4.25,Coffee,Barista Espresso,Latte Rg
429,2023-01-01,17:19:28,2,8,Hell's Kitchen,28,2,Coffee,Gourmet brewed coffee,Columbian Medium Roast Sm
430,2023-01-01,17:19:49,2,8,Hell's Kitchen,87,3,Coffee,Barista Espresso,Ouro Brasileiro shot
431,2023-01-01,17:19:49,1,8,Hell's Kitchen,78,4.5,Bakery,Scone,Scottish Cream Scone 
432,2023-01-01,17:20:02,2,8,Hell's Kitchen,46,2.5,Tea,Brewed Green tea,Serenity Green Tea Rg
433,2023-01-01,17:20:02,1,8,Hell's Kitchen,77,3,Bakery,Scone,Oatmeal Scone
434,2023-01-01,17:22:36,1,3,Astoria,36,3.75,Coffee,Premium brewed coffee,Jamaican Coffee River Lg
435,2023-01-01,17:23:03,1,5,Lower Manhattan,48,2.5,Tea,Brewed Black tea,English Breakfast Rg
436,2023-01-01,17:23:04,1,3,Astoria,41,4.25,Coffee,Barista Espresso,Cappuccino Lg
437,2023-01-01,17:25:45,2,3,Astoria,58,3.5,Drinking Chocolate,Hot chocolate,Dark chocolate Rg
438,2023-01-01,17:26:15,1,8,Hell's Kitchen,35,3.1,Coffee,Premium brewed coffee,Jamaican Coffee River Rg
439,2023-01-01,17:26:15,1,8,Hell's Kitchen,76,3.5,Bakery,Biscotti,Chocolate Chip Biscotti
440,2023-01-01,17:28:42,1,5,Lower Manhattan,37,3,Coffee,Barista Espresso,Espresso shot
441,2023-01-01,17:28:42,1,5,Lower Manhattan,70,3.25,Bakery,Scone,Cranberry Scone
442,2023-01-01,17:29:25,1,3,Astoria,46,2.5,Tea,Brewed Green tea,Serenity Green Tea Rg
443,2023-01-01,17:29:25,1,3,Astoria,75,3.5,Bakery,Pastry,Croissant
444,2023-01-01,17:34:47,2,8,Hell's Kitchen,54,2.5,Tea,Brewed Chai tea,Morning Sunrise Chai Rg
445,2023-01-01,17:35:26,1,3,Astoria,47,3,Tea,Brewed Green tea,Serenity Green Tea Lg
446,2023-01-01,17:35:26,1,3,Astoria,69,3.25,Bakery,Biscotti,Hazelnut Biscotti
447,2023-01-01,17:37:26,1,8,Hell's Kitchen,42,2.5,Tea,Brewed herbal tea,Lemon Grass Rg
448,2023-01-01,17:40:50,1,3,Astoria,55,4,Tea,Brewed Chai tea,Morning Sunrise Chai Lg
449,2023-01-01,17:41:55,2,3,Astoria,55,4,Tea,Brewed Chai tea,Morning Sunrise Chai Lg
450,2023-01-01,17:41:55,1,3,Astoria,71,3.75,Bakery,Pastry,Chocolate Croissant
451,2023-01-01,17:43:49,2,8,Hell's Kitchen,52,2.5,Tea,Brewed Chai tea,Traditional Blend Chai Rg
452,2023-01-01,17:44:28,2,3,Astoria,27,3.5,Coffee,Organic brewed coffee,Brazilian Lg
453,2023-01-01,17:44:28,1,3,Astoria,74,3.5,Bakery,Biscotti,Ginger Biscotti
454,2023-01-01,17:44:48,1,8,Hell's Kitchen,34,2.45,Coffee,Premium brewed coffee,Jamaican Coffee River Sm
455,2023-01-01,17:45:21,1,8,Hell's Kitchen,27,3.5,Coffee,Organic brewed coffee,Brazilian Lg
456,2023-01-01,17:46:21,2,8,Hell's Kitchen,36,3.75,Coffee,Premium brewed coffee,Jamaican Coffee River Lg
457,2023-01-01,17:46:21,1,8,Hell's Kitchen,76,3.5,Bakery,Biscotti,Chocolate Chip Biscotti
458,2023-01-01,17:49:04,2,8,Hell's Kitchen,60,3.75,Drinking Chocolate,Hot chocolate,Sustainably Grown Organic Rg
459,2023-01-01,17:50:19,1,5,Lower Manhattan,45,3,Tea,Brewed herbal tea,Peppermint Lg
460,2023-01-01,17:50:30,2,8,Hell's Kitchen,38,3.75,Coffee,Barista Espresso,Latte
461,2023-01-01,17:51:06,2,3,Astoria,60,3.75,Drinking Chocolate,Hot chocolate,Sustainably Grown Organic Rg
462,2023-01-01,17:54:11,2,3,Astoria,56,2.55,Tea,Brewed Chai tea,Spicy Eye Opener Chai Rg
463,2023-01-01,17:56:46,1,8,Hell's Kitchen,30,3,Coffee,Gourmet brewed coffee,Columbian Medium Roast Lg
464,2023-01-01,17:58:01,1,5,Lower Manhattan,39,4.25,Coffee,Barista Espresso,Latte Rg
465,2023-01-01,17:59:44,2,8,Hell's Kitchen,53,3,Tea,Brewed Chai tea,Traditional Blend Chai Lg
466,2023-01-01,17:59:44,1,8,Hell's Kitchen,76,3.5,Bakery,Biscotti,Chocolate Chip Biscotti
467,2023-01-01,18:01:08,2,8,Hell's Kitchen,45,3,Tea,Brewed herbal tea,Peppermint Lg
468,2023-01-01,18:02:00,1,3,Astoria,52,2.5,Tea,Brewed Chai tea,Traditional Blend Chai Rg
469,2023-01-01,18:02:21,2,5,Lower Manhattan,49,3,Tea,Brewed Black tea,English Breakfast Lg
470,2023-01-01,18:03:13,1,3,Astoria,28,2,Coffee,Gourmet brewed coffee,Columbian Medium Roast Sm
471,2023-01-01,18:03:13,1,3,Astoria,78,4.5,Bakery,Scone,Scottish Cream Scone 
472,2023-01-01,18:04:34,1,3,Astoria,28,2,Coffee,Gourmet brewed coffee,Columbian Medium Roast Sm
473,2023-01-01,18:06:52,2,3,Astoria,30,3,Coffee,Gourmet brewed coffee,Columbian Medium Roast Lg
474,2023-01-01,18:06:52,1,3,Astoria,79,3.75,Bakery,Scone,Jumbo Savory Scone
475,2023-01-01,18:07:13,1,8,Hell's Kitchen,23,2.5,Coffee,Drip coffee,Our Old Time Diner Blend Rg
476,2023-01-01,18:08:53,2,3,Astoria,34,2.45,Coffee,Premium brewed coffee,Jamaican Coffee River Sm
477,2023-01-01,18:12:37,2,3,Astoria,25,2.2,Coffee,Organic brewed coffee,Brazilian Sm
478,2023-01-01,18:13:32,2,5,Lower Manhattan,23,2.5,Coffee,Drip coffee,Our Old Time Diner Blend Rg
479,2023-01-01,18:13:41,2,8,Hell's Kitchen,57,3.1,Tea,Brewed Chai tea,Spicy Eye Opener Chai Lg
480,2023-01-01,18:14:28,2,8,Hell's Kitchen,26,3,Coffee,Organic brewed coffee,Brazilian Rg
481,2023-01-01,18:17:09,2,8,Hell's Kitchen,36,3.75,Coffee,Premium brewed coffee,Jamaican Coffee River Lg
482,2023-01-01,18:18:10,1,3,Astoria,59,4.5,Drinking Chocolate,Hot chocolate,Dark chocolate Lg
483,2023-01-01,18:19:45,1,5,Lower Manhattan,52,2.5,Tea,Brewed Chai tea,Traditional Blend Chai Rg
484,2023-01-01,18:19:45,1,5,Lower Manhattan,76,3.5,Bakery,Biscotti,Chocolate Chip Biscotti
485,2023-01-01,18:21:22,1,3,Astoria,46,2.5,Tea,Brewed Green tea,Serenity Green Tea Rg
486,2023-01-01,18:22:12,2,3,Astoria,61,4.75,Drinking Chocolate,Hot chocolate,Sustainably Grown Organic Lg
487,2023-01-01,18:22:48,2,5,Lower Manhattan,37,3,Coffee,Barista Espresso,Espresso shot
488,2023-01-01,18:22:53,1,3,Astoria,32,3,Coffee,Gourmet brewed coffee,Ethiopia Rg
489,2023-01-01,18:22:53,1,3,Astoria,79,3.75,Bakery,Scone,Jumbo Savory Scone
490,2023-01-01,18:23:34,2,5,Lower Manhattan,53,3,Tea,Brewed Chai tea,Traditional Blend Chai Lg
491,2023-01-01,18:25:51,1,3,Astoria,61,4.75,Drinking Chocolate,Hot chocolate,Sustainably Grown Organic Lg
492,2023-01-01,18:25:57,1,8,Hell's Kitchen,43,3,Tea,Brewed herbal tea,Lemon Grass Lg
493,2023-01-01,18:27:08,2,5,Lower Manhattan,54,2.5,Tea,Brewed Chai tea,Morning Sunrise Chai Rg
494,2023-01-01,18:29:34,2,8,Hell's Kitchen,44,2.5,Tea,Brewed herbal tea,Peppermint Rg
495,2023-01-01,18:30:05,2,3,Astoria,55,4,Tea,Brewed Chai tea,Morning Sunrise Chai Lg
496,2023-01-01,18:34:56,2,3,Astoria,60,3.75,Drinking Chocolate,Hot chocolate,Sustainably Grown Organic Rg
497,2023-01-01,18:39:29,1,3,Astoria,22,2,Coffee,Drip coffee,Our Old Time Diner Blend Sm
498,2023-01-01,18:40:29,2,8,Hell's Kitchen,53,3,Tea,Brewed Chai tea,Traditional Blend Chai Lg
499,2023-01-01,18:41:13,1,3,Astoria,24,3,Coffee,Drip coffee,Our Old Time Diner Blend Lg
500,2023-01-01,18:41:28,2,8,Hell's Kitchen,49,3,Tea,Brewed Black tea,English Breakfast Lg
501,2023-01-01,18:42:04,2,3,Astoria,60,3.75,Drinking Chocolate,Hot chocolate,Sustainably Grown Organic Rg
502,2023-01-01,18:42:16,1,8,Hell's Kitchen,54,2.5,Tea,Brewed Chai tea,Morning Sunrise Chai Rg
503,2023-01-01,18:43:19,1,3,Astoria,57,3.1,Tea,Brewed Chai tea,Spicy Eye Opener Chai Lg
504,2023-01-01,18:43:42,1,3,Astoria,25,2.2,Coffee,Organic brewed coffee,Brazilian Sm
505,2023-01-01,18:45:11,2,3,Astoria,38,3.75,Coffee,Barista Espresso,Latte
506,2023-01-01,18:49:48,1,3,Astoria,27,3.5,Coffee,Organic brewed coffee,Brazilian Lg
507,2023-01-01,18:51:23,2,3,Astoria,24,3,Coffee,Drip coffee,Our Old Time Diner Blend Lg
508,2023-01-01,18:51:41,1,3,Astoria,28,2,Coffee,Gourmet brewed coffee,Columbian Medium Roast Sm
509,2023-01-01,18:52:18,2,8,Hell's Kitchen,22,2,Coffee,Drip coffee,Our Old Time Diner Blend Sm
510,2023-01-01,18:52:57,2,3,Astoria,59,4.5,Drinking Chocolate,Hot chocolate,Dark chocolate Lg
511,2023-01-01,18:55:19,2,3,Astoria,56,2.55,Tea,Brewed Chai tea,Spicy Eye Opener Chai Rg
512,2023-01-01,18:56:24,2,8,Hell's Kitchen,53,3,Tea,Brewed Chai tea,Traditional Blend Chai Lg
513,2023-01-01,18:56:35,2,8,Hell's Kitchen,39,4.25,Coffee,Barista Espresso,Latte Rg
514,2023-01-01,18:56:35,1,8,Hell's Kitchen,73,3.75,Bakery,Pastry,Almond Croissant
515,2023-01-01,19:00:27,1,3,Astoria,43,3,Tea,Brewed herbal tea,Lemon Grass Lg
516,2023-01-01,19:02:52,2,8,Hell's Kitchen,37,3,Coffee,Barista Espresso,Espresso shot
517,2023-01-01,19:06:58,1,8,Hell's Kitchen,38,3.75,Coffee,Barista Espresso,Latte
518,2023-01-01,19:07:26,2,8,Hell's Kitchen,24,3,Coffee,Drip coffee,Our Old Time Diner Blend Lg
519,2023-01-01,19:07:40,1,3,Astoria,55,4,Tea,Brewed Chai tea,Morning Sunrise Chai Lg
520,2023-01-01,19:08:11,2,8,Hell's Kitchen,27,3.5,Coffee,Organic brewed coffee,Brazilian Lg
521,2023-01-01,19:08:56,1,3,Astoria,60,3.75,Drinking Chocolate,Hot chocolate,Sustainably Grown Organic Rg
522,2023-01-01,19:09:54,1,8,Hell's Kitchen,41,4.25,Coffee,Barista Espresso,Cappuccino Lg
523,2023-01-01,19:10:16,2,3,Astoria,27,3.5,Coffee,Organic brewed coffee,Brazilian Lg
524,2023-01-01,19:10:53,2,8,Hell's Kitchen,55,4,Tea,Brewed Chai tea,Morning Sunrise Chai Lg
525,2023-01-01,19:12:49,2,3,Astoria,40,3.75,Coffee,Barista Espresso,Cappuccino
526,2023-01-01,19:14:09,2,3,Astoria,32,3,Coffee,Gourmet brewed coffee,Ethiopia Rg
527,2023-01-01,19:15:15,1,3,Astoria,55,4,Tea,Brewed Chai tea,Morning Sunrise Chai Lg
528,2023-01-01,19:21:35,1,8,Hell's Kitchen,49,3,Tea,Brewed Black tea,English Breakfast Lg
529,2023-01-01,19:22:39,1,8,Hell's Kitchen,40,3.75,Coffee,Barista Espresso,Cappuccino
530,2023-01-01,19:24:18,1,8,Hell's Kitchen,46,2.5,Tea,Brewed Green tea,Serenity Green Tea Rg
531,2023-01-01,19:24:18,1,8,Hell's Kitchen,77,3,Bakery,Scone,Oatmeal Scone
532,2023-01-01,19:29:01,2,3,Astoria,44,2.5,Tea,Brewed herbal tea,Peppermint Rg
533,2023-01-01,19:29:07,1,3,Astoria,38,3.75,Coffee,Barista Espresso,Latte
534,2023-01-01,19:30:55,2,3,Astoria,51,3,Tea,Brewed Black tea,Earl Grey Lg
535,2023-01-01,19:34:03,1,8,Hell's Kitchen,43,3,Tea,Brewed herbal tea,Lemon Grass Lg
536,2023-01-01,19:34:39,2,8,Hell's Kitchen,61,4.75,Drinking Chocolate,Hot chocolate,Sustainably Grown Organic Lg
537,2023-01-01,19:34:48,1,3,Astoria,40,3.75,Coffee,Barista Espresso,Cappuccino
538,2023-01-01,19:35:55,2,8,Hell's Kitchen,27,3.5,Coffee,Organic brewed coffee,Brazilian Lg
539,2023-01-01,19:37:51,1,3,Astoria,60,3.75,Drinking Chocolate,Hot chocolate,Sustainably Grown Organic Rg
540,2023-01-01,19:38:46,2,3,Astoria,55,4,Tea,Brewed Chai tea,Morning Sunrise Chai Lg
541,2023-01-01,19:39:00,2,3,Astoria,47,3,Tea,Brewed Green tea,Serenity Green Tea Lg
542,2023-01-01,19:39:32,1,3,Astoria,37,3,Coffee,Barista Espresso,Espresso shot
543,2023-01-01,19:43:29,1,3,Astoria,54,2.5,Tea,Brewed Chai tea,Morning Sunrise Chai Rg
544,2023-01-01,19:44:41,1,8,Hell's Kitchen,61,4.75,Drinking Chocolate,Hot chocolate,Sustainably Grown Organic Lg
545,2023-01-01,19:45:28,1,8,Hell's Kitchen,26,3,Coffee,Organic brewed coffee,Brazilian Rg
546,2023-01-01,19:49:37,1,3,Astoria,36,3.75,Coffee,Premium brewed coffee,Jamaican Coffee River Lg
547,2023-01-01,19:52:47,1,8,Hell's Kitchen,32,3,Coffee,Gourmet brewed coffee,Ethiopia Rg
548,2023-01-01,19:57:56,1,3,Astoria,35,3.1,Coffee,Premium brewed coffee,Jamaican Coffee River Rg
549,2023-01-01,19:58:29,1,3,Astoria,55,4,Tea,Brewed Chai tea,Morning Sunrise Chai Lg
550,2023-01-01,19:58:52,1,3,Astoria,39,4.25,Coffee,Barista Espresso,Latte Rg
551,2023-01-02,7:01:59,1,5,Lower Manhattan,87,3,Coffee,Barista Espresso,Ouro Brasileiro shot
552,2023-01-02,7:12:05,1,5,Lower Manhattan,51,3,Tea,Brewed Black tea,Earl Grey Lg
553,2023-01-02,7:16:35,2,5,Lower Manhattan,28,2,Coffee,Gourmet brewed coffee,Columbian Medium Roast Sm
554,2023-01-02,7:16:46,1,5,Lower Manhattan,57,3.1,Tea,Brewed Chai tea,Spicy Eye Opener Chai Lg
555,2023-01-02,7:16:46,1,5,Lower Manhattan,70,3.25,Bakery,Scone,Cranberry Scone
556,2023-01-02,7:22:08,2,5,Lower Manhattan,61,4.75,Drinking Chocolate,Hot chocolate,Sustainably Grown Organic Lg
557,2023-01-02,7:22:45,1,5,Lower Manhattan,42,2.5,Tea,Brewed herbal tea,Lemon Grass Rg
558,2023-01-02,7:25:59,1,5,Lower Manhattan,24,3,Coffee,Drip coffee,Our Old Time Diner Blend Lg
559,2023-01-02,7:35:10,1,5,Lower Manhattan,53,3,Tea,Brewed Chai tea,Traditional Blend Chai Lg
560,2023-01-02,7:48:26,1,5,Lower Manhattan,41,4.25,Coffee,Barista Espresso,Cappuccino Lg
561,2023-01-02,7:48:26,1,5,Lower Manhattan,75,3.5,Bakery,Pastry,Croissant
562,2023-01-02,7:53:48,2,5,Lower Manhattan,27,3.5,Coffee,Organic brewed coffee,Brazilian Lg
563,2023-01-02,7:59:47,1,5,Lower Manhattan,48,2.5,Tea,Brewed Black tea,English Breakfast Rg
564,2023-01-02,7:59:47,1,5,Lower Manhattan,75,3.5,Bakery,Pastry,Croissant
565,2023-01-02,8:03:47,2,8,Hell's Kitchen,32,3,Coffee,Gourmet brewed coffee,Ethiopia Rg
566,2023-01-02,8:04:06,2,8,Hell's Kitchen,31,2.2,Coffee,Gourmet brewed coffee,Ethiopia Sm
567,2023-01-02,8:04:55,1,8,Hell's Kitchen,25,2.2,Coffee,Organic brewed coffee,Brazilian Sm
568,2023-01-02,8:04:59,1,5,Lower Manhattan,61,4.75,Drinking Chocolate,Hot chocolate,Sustainably Grown Organic Lg
569,2023-01-02,8:09:46,1,5,Lower Manhattan,48,2.5,Tea,Brewed Black tea,English Breakfast Rg
570,2023-01-02,8:09:51,1,5,Lower Manhattan,61,4.75,Drinking Chocolate,Hot chocolate,Sustainably Grown Organic Lg
571,2023-01-02,8:11:11,2,8,Hell's Kitchen,61,4.75,Drinking Chocolate,Hot chocolate,Sustainably Grown Organic Lg
572,2023-01-02,8:11:11,1,8,Hell's Kitchen,74,3.5,Bakery,Biscotti,Ginger Biscotti
573,2023-01-02,8:13:24,1,8,Hell's Kitchen,27,3.5,Coffee,Organic brewed coffee,Brazilian Lg
574,2023-01-02,8:14:13,1,5,Lower Manhattan,55,4,Tea,Brewed Chai tea,Morning Sunrise Chai Lg
575,2023-01-02,8:15:07,1,8,Hell's Kitchen,36,3.75,Coffee,Premium brewed coffee,Jamaican Coffee River Lg
576,2023-01-02,8:15:10,2,8,Hell's Kitchen,30,3,Coffee,Gourmet brewed coffee,Columbian Medium Roast Lg
577,2023-01-02,8:17:28,1,8,Hell's Kitchen,44,2.5,Tea,Brewed herbal tea,Peppermint Rg
578,2023-01-02,8:20:38,2,5,Lower Manhattan,44,2.5,Tea,Brewed herbal tea,Peppermint Rg
579,2023-01-02,8:21:32,2,8,Hell's Kitchen,38,3.75,Coffee,Barista Espresso,Latte
580,2023-01-02,8:23:15,1,8,Hell's Kitchen,26,3,Coffee,Organic brewed coffee,Brazilian Rg
581,2023-01-02,8:25:22,1,5,Lower Manhattan,25,2.2,Coffee,Organic brewed coffee,Brazilian Sm
582,2023-01-02,8:26:13,2,5,Lower Manhattan,28,2,Coffee,Gourmet brewed coffee,Columbian Medium Roast Sm
583,2023-01-02,8:26:21,2,8,Hell's Kitchen,31,2.2,Coffee,Gourmet brewed coffee,Ethiopia Sm
584,2023-01-02,8:30:10,1,5,Lower Manhattan,29,2.5,Coffee,Gourmet brewed coffee,Columbian Medium Roast Rg
585,2023-01-02,8:31:35,1,8,Hell's Kitchen,35,3.1,Coffee,Premium brewed coffee,Jamaican Coffee River Rg
586,2023-01-02,8:34:25,2,8,Hell's Kitchen,25,2.2,Coffee,Organic brewed coffee,Brazilian Sm
587,2023-01-02,8:34:30,1,8,Hell's Kitchen,48,2.5,Tea,Brewed Black tea,English Breakfast Rg
588,2023-01-02,8:43:50,1,8,Hell's Kitchen,32,3,Coffee,Gourmet brewed coffee,Ethiopia Rg
589,2023-01-02,8:51:31,2,5,Lower Manhattan,32,3,Coffee,Gourmet brewed coffee,Ethiopia Rg
590,2023-01-02,8:55:40,1,5,Lower Manhattan,28,2,Coffee,Gourmet brewed coffee,Columbian Medium Roast Sm
591,2023-01-02,9:00:14,1,8,Hell's Kitchen,39,4.25,Coffee,Barista Espresso,Latte Rg
592,2023-01-02,9:01:24,1,8,Hell's Kitchen,53,3,Tea,Brewed Chai tea,Traditional Blend Chai Lg
593,2023-01-02,9:06:29,1,5,Lower Manhattan,33,3.5,Coffee,Gourmet brewed coffee,Ethiopia Lg
594,2023-01-02,9:07:31,2,5,Lower Manhattan,37,3,Coffee,Barista Espresso,Espresso shot
595,2023-01-02,9:11:10,1,8,Hell's Kitchen,59,4.5,Drinking Chocolate,Hot chocolate,Dark chocolate Lg
596,2023-01-02,9:11:10,1,8,Hell's Kitchen,79,3.75,Bakery,Scone,Jumbo Savory Scone
597,2023-01-02,9:11:45,1,8,Hell's Kitchen,61,4.75,Drinking Chocolate,Hot chocolate,Sustainably Grown Organic Lg
598,2023-01-02,9:11:57,2,8,Hell's Kitchen,34,2.45,Coffee,Premium brewed coffee,Jamaican Coffee River Sm
599,2023-01-02,9:11:57,1,8,Hell's Kitchen,72,3.25,Bakery,Scone,Ginger Scone
600,2023-01-02,9:12:47,2,5,Lower Manhattan,31,2.2,Coffee,Gourmet brewed coffee,Ethiopia Sm
601,2023-01-02,9:12:47,1,5,Lower Manhattan,75,3.5,Bakery,Pastry,Croissant
602,2023-01-02,9:17:08,1,8,Hell's Kitchen,46,2.5,Tea,Brewed Green tea,Serenity Green Tea Rg
603,2023-01-02,9:21:01,1,8,Hell's Kitchen,55,4,Tea,Brewed Chai tea,Morning Sunrise Chai Lg
604,2023-01-02,9:22:26,1,8,Hell's Kitchen,40,3.75,Coffee,Barista Espresso,Cappuccino
605,2023-01-02,9:25:27,1,5,Lower Manhattan,29,2.5,Coffee,Gourmet brewed coffee,Columbian Medium Roast Rg
606,2023-01-02,9:26:16,2,8,Hell's Kitchen,28,2,Coffee,Gourmet brewed coffee,Columbian Medium Roast Sm
607,2023-01-02,9:29:47,2,8,Hell's Kitchen,22,2,Coffee,Drip coffee,Our Old Time Diner Blend Sm
608,2023-01-02,9:29:47,1,8,Hell's Kitchen,70,3.25,Bakery,Scone,Cranberry Scone
609,2023-01-02,9:31:37,2,8,Hell's Kitchen,59,4.5,Drinking Chocolate,Hot chocolate,Dark chocolate Lg
610,2023-01-02,9:33:57,2,8,Hell's Kitchen,23,2.5,Coffee,Drip coffee,Our Old Time Diner Blend Rg
611,2023-01-02,9:36:26,1,8,Hell's Kitchen,87,3,Coffee,Barista Espresso,Ouro Brasileiro shot
612,2023-01-02,9:38:46,2,8,Hell's Kitchen,87,3,Coffee,Barista Espresso,Ouro Brasileiro shot
613,2023-01-02,9:40:52,1,5,Lower Manhattan,48,2.5,Tea,Brewed Black tea,English Breakfast Rg
614,2023-01-02,9:45:34,1,5,Lower Manhattan,30,3,Coffee,Gourmet brewed coffee,Columbian Medium Roast Lg
615,2023-01-02,9:46:33,2,8,Hell's Kitchen,48,2.5,Tea,Brewed Black tea,English Breakfast Rg
616,2023-01-02,9:48:46,2,8,Hell's Kitchen,32,3,Coffee,Gourmet brewed coffee,Ethiopia Rg
617,2023-01-02,9:50:09,1,8,Hell's Kitchen,27,3.5,Coffee,Organic brewed coffee,Brazilian Lg
618,2023-01-02,9:50:57,1,5,Lower Manhattan,23,2.5,Coffee,Drip coffee,Our Old Time Diner Blend Rg
619,2023-01-02,9:52:17,1,5,Lower Manhattan,26,3,Coffee,Organic brewed coffee,Brazilian Rg
620,2023-01-02,9:54:48,1,8,Hell's Kitchen,34,2.45,Coffee,Premium brewed coffee,Jamaican Coffee River Sm
621,2023-01-02,9:56:28,2,8,Hell's Kitchen,41,4.25,Coffee,Barista Espresso,Cappuccino Lg
622,2023-01-02,9:56:45,1,5,Lower Manhattan,51,3,Tea,Brewed Black tea,Earl Grey Lg
623,2023-01-02,9:58:47,2,5,Lower Manhattan,37,3,Coffee,Barista Espresso,Espresso shot
624,2023-01-02,10:01:57,1,8,Hell's Kitchen,61,4.75,Drinking Chocolate,Hot chocolate,Sustainably Grown Organic Lg
625,2023-01-02,10:03:39,1,8,Hell's Kitchen,30,3,Coffee,Gourmet brewed coffee,Columbian Medium Roast Lg
626,2023-01-02,10:03:39,1,8,Hell's Kitchen,76,3.5,Bakery,Biscotti,Chocolate Chip Biscotti
627,2023-01-02,10:05:11,1,5,Lower Manhattan,58,3.5,Drinking Chocolate,Hot chocolate,Dark chocolate Rg
628,2023-01-02,10:05:22,1,5,Lower Manhattan,55,4,Tea,Brewed Chai tea,Morning Sunrise Chai Lg
629,2023-01-02,10:07:28,1,5,Lower Manhattan,26,3,Coffee,Organic brewed coffee,Brazilian Rg
630,2023-01-02,10:08:23,1,8,Hell's Kitchen,43,3,Tea,Brewed herbal tea,Lemon Grass Lg
631,2023-01-02,10:10:47,2,8,Hell's Kitchen,56,2.55,Tea,Brewed Chai tea,Spicy Eye Opener Chai Rg
632,2023-01-02,10:13:55,2,5,Lower Manhattan,26,3,Coffee,Organic brewed coffee,Brazilian Rg
633,2023-01-02,10:13:55,1,5,Lower Manhattan,79,3.75,Bakery,Scone,Jumbo Savory Scone
634,2023-01-02,10:16:43,1,5,Lower Manhattan,28,2,Coffee,Gourmet brewed coffee,Columbian Medium Roast Sm
635,2023-01-02,10:19:33,1,8,Hell's Kitchen,61,4.75,Drinking Chocolate,Hot chocolate,Sustainably Grown Organic Lg
636,2023-01-02,10:20:52,2,8,Hell's Kitchen,42,2.5,Tea,Brewed herbal tea,Lemon Grass Rg
637,2023-01-02,10:22:19,1,5,Lower Manhattan,23,2.5,Coffee,Drip coffee,Our Old Time Diner Blend Rg
638,2023-01-02,10:26:49,1,5,Lower Manhattan,23,2.5,Coffee,Drip coffee,Our Old Time Diner Blend Rg
639,2023-01-02,10:27:05,1,5,Lower Manhattan,25,2.2,Coffee,Organic brewed coffee,Brazilian Sm
640,2023-01-02,10:28:41,1,8,Hell's Kitchen,42,2.5,Tea,Brewed herbal tea,Lemon Grass Rg
641,2023-01-02,10:30:39,2,8,Hell's Kitchen,44,2.5,Tea,Brewed herbal tea,Peppermint Rg
642,2023-01-02,10:36:18,2,8,Hell's Kitchen,50,2.5,Tea,Brewed Black tea,Earl Grey Rg
643,2023-01-02,10:36:44,1,5,Lower Manhattan,51,3,Tea,Brewed Black tea,Earl Grey Lg
644,2023-01-02,10:38:55,2,8,Hell's Kitchen,51,3,Tea,Brewed Black tea,Earl Grey Lg
645,2023-01-02,10:48:57,1,5,Lower Manhattan,53,3,Tea,Brewed Chai tea,Traditional Blend Chai Lg
646,2023-01-02,10:49:58,1,8,Hell's Kitchen,32,3,Coffee,Gourmet brewed coffee,Ethiopia Rg
647,2023-01-02,10:55:08,1,8,Hell's Kitchen,55,4,Tea,Brewed Chai tea,Morning Sunrise Chai Lg
648,2023-01-02,10:55:35,1,8,Hell's Kitchen,48,2.5,Tea,Brewed Black tea,English Breakfast Rg
649,2023-01-02,10:59:58,1,8,Hell's Kitchen,32,3,Coffee,Gourmet brewed coffee,Ethiopia Rg
650,2023-01-02,11:01:06,2,5,Lower Manhattan,48,2.5,Tea,Brewed Black tea,English Breakfast Rg
651,2023-01-02,11:04:21,1,3,Astoria,27,3.5,Coffee,Organic brewed coffee,Brazilian Lg
652,2023-01-02,11:04:21,1,3,Astoria,70,3.25,Bakery,Scone,Cranberry Scone
653,2023-01-02,11:06:10,1,3,Astoria,26,3,Coffee,Organic brewed coffee,Brazilian Rg
654,2023-01-02,11:06:10,1,3,Astoria,77,3,Bakery,Scone,Oatmeal Scone
655,2023-01-02,11:06:28,1,5,Lower Manhattan,25,2.2,Coffee,Organic brewed coffee,Brazilian Sm
656,2023-01-02,11:10:15,2,8,Hell's Kitchen,29,2.5,Coffee,Gourmet brewed coffee,Columbian Medium Roast Rg
657,2023-01-02,11:11:23,2,3,Astoria,26,3,Coffee,Organic brewed coffee,Brazilian Rg
658,2023-01-02,11:12:05,1,8,Hell's Kitchen,41,4.25,Coffee,Barista Espresso,Cappuccino Lg
659,2023-01-02,11:12:33,1,5,Lower Manhattan,46,2.5,Tea,Brewed Green tea,Serenity Green Tea Rg
660,2023-01-02,11:13:01,2,3,Astoria,22,2,Coffee,Drip coffee,Our Old Time Diner Blend Sm
661,2023-01-02,11:13:37,1,8,Hell's Kitchen,50,2.5,Tea,Brewed Black tea,Earl Grey Rg
662,2023-01-02,11:14:15,2,3,Astoria,32,3,Coffee,Gourmet brewed coffee,Ethiopia Rg
663,2023-01-02,11:15:12,1,3,Astoria,40,3.75,Coffee,Barista Espresso,Cappuccino
664,2023-01-02,11:15:28,1,3,Astoria,30,3,Coffee,Gourmet brewed coffee,Columbian Medium Roast Lg
665,2023-01-02,11:15:40,1,3,Astoria,42,2.5,Tea,Brewed herbal tea,Lemon Grass Rg
666,2023-01-02,11:16:51,2,3,Astoria,31,2.2,Coffee,Gourmet brewed coffee,Ethiopia Sm
667,2023-01-02,11:16:51,1,3,Astoria,75,3.5,Bakery,Pastry,Croissant
668,2023-01-02,11:18:12,2,3,Astoria,36,3.75,Coffee,Premium brewed coffee,Jamaican Coffee River Lg
669,2023-01-02,11:18:25,2,3,Astoria,52,2.5,Tea,Brewed Chai tea,Traditional Blend Chai Rg
670,2023-01-02,11:19:12,2,3,Astoria,30,3,Coffee,Gourmet brewed coffee,Columbian Medium Roast Lg
671,2023-01-02,11:19:42,1,8,Hell's Kitchen,35,3.1,Coffee,Premium brewed coffee,Jamaican Coffee River Rg
672,2023-01-02,11:21:43,2,3,Astoria,29,2.5,Coffee,Gourmet brewed coffee,Columbian Medium Roast Rg
673,2023-01-02,11:21:49,2,3,Astoria,38,3.75,Coffee,Barista Espresso,Latte
674,2023-01-02,11:22:46,1,3,Astoria,53,3,Tea,Brewed Chai tea,Traditional Blend Chai Lg
675,2023-01-02,11:25:20,2,5,Lower Manhattan,54,2.5,Tea,Brewed Chai tea,Morning Sunrise Chai Rg
676,2023-01-02,11:27:35,2,5,Lower Manhattan,48,2.5,Tea,Brewed Black tea,English Breakfast Rg
677,2023-01-02,11:32:11,2,8,Hell's Kitchen,47,3,Tea,Brewed Green tea,Serenity Green Tea Lg
678,2023-01-02,11:34:44,1,8,Hell's Kitchen,43,3,Tea,Brewed herbal tea,Lemon Grass Lg
679,2023-01-02,11:35:02,1,3,Astoria,49,3,Tea,Brewed Black tea,English Breakfast Lg
680,2023-01-02,11:35:02,1,3,Astoria,79,3.75,Bakery,Scone,Jumbo Savory Scone
681,2023-01-02,11:35:14,2,3,Astoria,25,2.2,Coffee,Organic brewed coffee,Brazilian Sm
682,2023-01-02,11:35:14,1,3,Astoria,69,3.25,Bakery,Biscotti,Hazelnut Biscotti
683,2023-01-02,11:36:50,2,5,Lower Manhattan,58,3.5,Drinking Chocolate,Hot chocolate,Dark chocolate Rg
684,2023-01-02,11:38:23,2,3,Astoria,24,3,Coffee,Drip coffee,Our Old Time Diner Blend Lg
685,2023-01-02,11:39:11,2,5,Lower Manhattan,42,2.5,Tea,Brewed herbal tea,Lemon Grass Rg
686,2023-01-02,11:39:11,1,5,Lower Manhattan,74,3.5,Bakery,Biscotti,Ginger Biscotti
687,2023-01-02,11:40:12,2,8,Hell's Kitchen,45,3,Tea,Brewed herbal tea,Peppermint Lg
688,2023-01-02,11:41:54,1,5,Lower Manhattan,48,2.5,Tea,Brewed Black tea,English Breakfast Rg
689,2023-01-02,11:42:36,2,8,Hell's Kitchen,45,3,Tea,Brewed herbal tea,Peppermint Lg
690,2023-01-02,11:42:36,1,8,Hell's Kitchen,72,3.25,Bakery,Scone,Ginger Scone
691,2023-01-02,11:43:04,2,3,Astoria,26,3,Coffee,Organic brewed coffee,Brazilian Rg
692,2023-01-02,11:49:10,1,5,Lower Manhattan,44,2.5,Tea,Brewed herbal tea,Peppermint Rg
693,2023-01-02,11:50:18,1,8,Hell's Kitchen,33,3.5,Coffee,Gourmet brewed coffee,Ethiopia Lg
694,2023-01-02,11:50:32,1,8,Hell's Kitchen,33,3.5,Coffee,Gourmet brewed coffee,Ethiopia Lg
695,2023-01-02,11:53:48,2,8,Hell's Kitchen,48,2.5,Tea,Brewed Black tea,English Breakfast Rg
696,2023-01-02,11:53:54,2,8,Hell's Kitchen,59,4.5,Drinking Chocolate,Hot chocolate,Dark chocolate Lg
697,2023-01-02,11:54:01,2,5,Lower Manhattan,43,3,Tea,Brewed herbal tea,Lemon Grass Lg
698,2023-01-02,11:54:30,1,3,Astoria,26,3,Coffee,Organic brewed coffee,Brazilian Rg
699,2023-01-02,11:55:31,1,3,Astoria,53,3,Tea,Brewed Chai tea,Traditional Blend Chai Lg
700,2023-01-02,11:56:26,1,8,Hell's Kitchen,28,2,Coffee,Gourmet brewed coffee,Columbian Medium Roast Sm
701,2023-01-02,11:56:58,1,8,Hell's Kitchen,37,3,Coffee,Barista Espresso,Espresso shot
702,2023-01-02,11:56:58,1,8,Hell's Kitchen,78,4.5,Bakery,Scone,Scottish Cream Scone 
703,2023-01-02,11:58:49,2,8,Hell's Kitchen,35,3.1,Coffee,Premium brewed coffee,Jamaican Coffee River Rg
704,2023-01-02,11:58:49,1,8,Hell's Kitchen,71,3.75,Bakery,Pastry,Chocolate Croissant
705,2023-01-02,12:01:50,1,3,Astoria,53,3,Tea,Brewed Chai tea,Traditional Blend Chai Lg
706,2023-01-02,12:03:47,1,3,Astoria,23,2.5,Coffee,Drip coffee,Our Old Time Diner Blend Rg
707,2023-01-02,12:06:18,1,3,Astoria,32,3,Coffee,Gourmet brewed coffee,Ethiopia Rg
708,2023-01-02,12:12:01,2,3,Astoria,24,3,Coffee,Drip coffee,Our Old Time Diner Blend Lg
709,2023-01-02,12:12:44,1,3,Astoria,42,2.5,Tea,Brewed herbal tea,Lemon Grass Rg
710,2023-01-02,12:14:00,1,8,Hell's Kitchen,54,2.5,Tea,Brewed Chai tea,Morning Sunrise Chai Rg
711,2023-01-02,12:18:13,1,3,Astoria,55,4,Tea,Brewed Chai tea,Morning Sunrise Chai Lg
712,2023-01-02,12:18:22,2,3,Astoria,25,2.2,Coffee,Organic brewed coffee,Brazilian Sm
713,2023-01-02,12:18:22,1,3,Astoria,79,3.75,Bakery,Scone,Jumbo Savory Scone
714,2023-01-02,12:20:43,1,5,Lower Manhattan,47,3,Tea,Brewed Green tea,Serenity Green Tea Lg
715,2023-01-02,12:20:43,1,5,Lower Manhattan,71,3.75,Bakery,Pastry,Chocolate Croissant
716,2023-01-02,12:21:38,1,8,Hell's Kitchen,48,2.5,Tea,Brewed Black tea,English Breakfast Rg
717,2023-01-02,12:21:39,1,3,Astoria,49,3,Tea,Brewed Black tea,English Breakfast Lg
718,2023-01-02,12:21:58,2,3,Astoria,53,3,Tea,Brewed Chai tea,Traditional Blend Chai Lg
719,2023-01-02,12:22:04,1,3,Astoria,22,2,Coffee,Drip coffee,Our Old Time Diner Blend Sm
720,2023-01-02,12:22:12,1,5,Lower Manhattan,55,4,Tea,Brewed Chai tea,Morning Sunrise Chai Lg
721,2023-01-02,12:22:12,1,5,Lower Manhattan,79,3.75,Bakery,Scone,Jumbo Savory Scone
722,2023-01-02,12:23:03,1,5,Lower Manhattan,22,2,Coffee,Drip coffee,Our Old Time Diner Blend Sm
723,2023-01-02,12:23:30,1,3,Astoria,43,3,Tea,Brewed herbal tea,Lemon Grass Lg
724,2023-01-02,12:23:30,1,3,Astoria,78,4.5,Bakery,Scone,Scottish Cream Scone 
725,2023-01-02,12:24:39,2,5,Lower Manhattan,33,3.5,Coffee,Gourmet brewed coffee,Ethiopia Lg
726,2023-01-02,12:24:39,1,5,Lower Manhattan,69,3.25,Bakery,Biscotti,Hazelnut Biscotti
727,2023-01-02,12:25:03,1,3,Astoria,24,3,Coffee,Drip coffee,Our Old Time Diner Blend Lg
728,2023-01-02,12:25:24,2,5,Lower Manhattan,56,2.55,Tea,Brewed Chai tea,Spicy Eye Opener Chai Rg
729,2023-01-02,12:26:13,2,5,Lower Manhattan,25,2.2,Coffee,Organic brewed coffee,Brazilian Sm
730,2023-01-02,12:26:13,1,5,Lower Manhattan,78,4.5,Bakery,Scone,Scottish Cream Scone 
731,2023-01-02,12:26:18,1,8,Hell's Kitchen,28,2,Coffee,Gourmet brewed coffee,Columbian Medium Roast Sm
732,2023-01-02,12:27:01,1,8,Hell's Kitchen,60,3.75,Drinking Chocolate,Hot chocolate,Sustainably Grown Organic Rg
733,2023-01-02,12:28:08,2,3,Astoria,51,3,Tea,Brewed Black tea,Earl Grey Lg
734,2023-01-02,12:28:25,1,3,Astoria,60,3.75,Drinking Chocolate,Hot chocolate,Sustainably Grown Organic Rg
735,2023-01-02,12:29:07,1,3,Astoria,24,3,Coffee,Drip coffee,Our Old Time Diner Blend Lg
736,2023-01-02,12:30:43,2,3,Astoria,50,2.5,Tea,Brewed Black tea,Earl Grey Rg
737,2023-01-02,12:32:19,1,8,Hell's Kitchen,57,3.1,Tea,Brewed Chai tea,Spicy Eye Opener Chai Lg
738,2023-01-02,12:33:04,2,3,Astoria,32,3,Coffee,Gourmet brewed coffee,Ethiopia Rg
739,2023-01-02,12:34:00,1,3,Astoria,24,3,Coffee,Drip coffee,Our Old Time Diner Blend Lg
740,2023-01-02,12:36:06,1,8,Hell's Kitchen,43,3,Tea,Brewed herbal tea,Lemon Grass Lg
741,2023-01-02,12:36:37,1,5,Lower Manhattan,25,2.2,Coffee,Organic brewed coffee,Brazilian Sm
742,2023-01-02,12:38:47,2,8,Hell's Kitchen,87,3,Coffee,Barista Espresso,Ouro Brasileiro shot
743,2023-01-02,12:38:51,1,3,Astoria,56,2.55,Tea,Brewed Chai tea,Spicy Eye Opener Chai Rg
744,2023-01-02,12:39:04,2,5,Lower Manhattan,87,3,Coffee,Barista Espresso,Ouro Brasileiro shot
745,2023-01-02,12:41:28,1,8,Hell's Kitchen,87,3,Coffee,Barista Espresso,Ouro Brasileiro shot
746,2023-01-02,12:42:19,1,5,Lower Manhattan,52,2.5,Tea,Brewed Chai tea,Traditional Blend Chai Rg
747,2023-01-02,12:42:47,1,8,Hell's Kitchen,60,3.75,Drinking Chocolate,Hot chocolate,Sustainably Grown Organic Rg
748,2023-01-02,12:45:02,1,5,Lower Manhattan,26,3,Coffee,Organic brewed coffee,Brazilian Rg
749,2023-01-02,12:46:04,2,3,Astoria,46,2.5,Tea,Brewed Green tea,Serenity Green Tea Rg
750,2023-01-02,12:47:49,2,3,Astoria,46,2.5,Tea,Brewed Green tea,Serenity Green Tea Rg
751,2023-01-02,12:53:16,2,8,Hell's Kitchen,22,2,Coffee,Drip coffee,Our Old Time Diner Blend Sm
752,2023-01-02,12:54:07,1,5,Lower Manhattan,58,3.5,Drinking Chocolate,Hot chocolate,Dark chocolate Rg
753,2023-01-02,12:54:07,1,5,Lower Manhattan,77,3,Bakery,Scone,Oatmeal Scone
754,2023-01-02,12:54:53,2,5,Lower Manhattan,52,2.5,Tea,Brewed Chai tea,Traditional Blend Chai Rg
755,2023-01-02,12:55:19,1,3,Astoria,52,2.5,Tea,Brewed Chai tea,Traditional Blend Chai Rg
756,2023-01-02,12:57:55,2,8,Hell's Kitchen,30,3,Coffee,Gourmet brewed coffee,Columbian Medium Roast Lg
757,2023-01-02,12:58:04,2,3,Astoria,53,3,Tea,Brewed Chai tea,Traditional Blend Chai Lg
758,2023-01-02,12:58:38,2,8,Hell's Kitchen,26,3,Coffee,Organic brewed coffee,Brazilian Rg
759,2023-01-02,12:58:57,1,8,Hell's Kitchen,35,3.1,Coffee,Premium brewed coffee,Jamaican Coffee River Rg
760,2023-01-02,12:59:28,1,8,Hell's Kitchen,47,3,Tea,Brewed Green tea,Serenity Green Tea Lg
761,2023-01-02,12:59:45,2,3,Astoria,24,3,Coffee,Drip coffee,Our Old Time Diner Blend Lg
762,2023-01-02,13:02:03,2,3,Astoria,27,3.5,Coffee,Organic brewed coffee,Brazilian Lg
763,2023-01-02,13:03:14,2,8,Hell's Kitchen,40,3.75,Coffee,Barista Espresso,Cappuccino
764,2023-01-02,13:03:14,1,8,Hell's Kitchen,76,3.5,Bakery,Biscotti,Chocolate Chip Biscotti
765,2023-01-02,13:03:33,2,5,Lower Manhattan,22,2,Coffee,Drip coffee,Our Old Time Diner Blend Sm
766,2023-01-02,13:03:53,2,3,Astoria,28,2,Coffee,Gourmet brewed coffee,Columbian Medium Roast Sm
767,2023-01-02,13:04:02,1,8,Hell's Kitchen,49,3,Tea,Brewed Black tea,English Breakfast Lg
768,2023-01-02,13:04:56,2,3,Astoria,27,3.5,Coffee,Organic brewed coffee,Brazilian Lg
769,2023-01-02,13:05:41,1,3,Astoria,61,4.75,Drinking Chocolate,Hot chocolate,Sustainably Grown Organic Lg
770,2023-01-02,13:09:27,1,5,Lower Manhattan,51,3,Tea,Brewed Black tea,Earl Grey Lg
771,2023-01-02,13:09:27,1,5,Lower Manhattan,70,3.25,Bakery,Scone,Cranberry Scone
772,2023-01-02,13:10:17,1,8,Hell's Kitchen,33,3.5,Coffee,Gourmet brewed coffee,Ethiopia Lg
773,2023-01-02,13:10:17,1,8,Hell's Kitchen,78,4.5,Bakery,Scone,Scottish Cream Scone 
774,2023-01-02,13:10:41,2,8,Hell's Kitchen,43,3,Tea,Brewed herbal tea,Lemon Grass Lg
775,2023-01-02,13:14:54,2,5,Lower Manhattan,31,2.2,Coffee,Gourmet brewed coffee,Ethiopia Sm
776,2023-01-02,13:15:40,1,5,Lower Manhattan,24,3,Coffee,Drip coffee,Our Old Time Diner Blend Lg
777,2023-01-02,13:21:09,2,3,Astoria,46,2.5,Tea,Brewed Green tea,Serenity Green Tea Rg
778,2023-01-02,13:21:23,2,8,Hell's Kitchen,50,2.5,Tea,Brewed Black tea,Earl Grey Rg
779,2023-01-02,13:23:18,2,3,Astoria,39,4.25,Coffee,Barista Espresso,Latte Rg
780,2023-01-02,13:23:38,1,3,Astoria,44,2.5,Tea,Brewed herbal tea,Peppermint Rg
781,2023-01-02,13:24:33,2,3,Astoria,31,2.2,Coffee,Gourmet brewed coffee,Ethiopia Sm
782,2023-01-02,13:25:02,1,8,Hell's Kitchen,57,3.1,Tea,Brewed Chai tea,Spicy Eye Opener Chai Lg
783,2023-01-02,13:26:47,1,3,Astoria,47,3,Tea,Brewed Green tea,Serenity Green Tea Lg
784,2023-01-02,13:28:24,2,8,Hell's Kitchen,44,2.5,Tea,Brewed herbal tea,Peppermint Rg
785,2023-01-02,13:29:51,1,3,Astoria,38,3.75,Coffee,Barista Espresso,Latte
786,2023-01-02,13:29:59,1,3,Astoria,56,2.55,Tea,Brewed Chai tea,Spicy Eye Opener Chai Rg
787,2023-01-02,13:30:00,2,3,Astoria,27,3.5,Coffee,Organic brewed coffee,Brazilian Lg
788,2023-01-02,13:30:00,1,3,Astoria,76,3.5,Bakery,Biscotti,Chocolate Chip Biscotti
789,2023-01-02,13:30:05,1,8,Hell's Kitchen,50,2.5,Tea,Brewed Black tea,Earl Grey Rg
790,2023-01-02,13:30:15,1,3,Astoria,30,3,Coffee,Gourmet brewed coffee,Columbian Medium Roast Lg
791,2023-01-02,13:30:30,2,3,Astoria,39,4.25,Coffee,Barista Espresso,Latte Rg
792,2023-01-02,13:30:30,1,8,Hell's Kitchen,31,2.2,Coffee,Gourmet brewed coffee,Ethiopia Sm
793,2023-01-02,13:34:02,1,8,Hell's Kitchen,23,2.5,Coffee,Drip coffee,Our Old Time Diner Blend Rg
794,2023-01-02,13:35:24,2,5,Lower Manhattan,32,3,Coffee,Gourmet brewed coffee,Ethiopia Rg
795,2023-01-02,13:35:24,2,8,Hell's Kitchen,30,3,Coffee,Gourmet brewed coffee,Columbian Medium Roast Lg
796,2023-01-02,13:39:11,2,3,Astoria,23,2.5,Coffee,Drip coffee,Our Old Time Diner Blend Rg
797,2023-01-02,13:40:11,1,3,Astoria,39,4.25,Coffee,Barista Espresso,Latte Rg
798,2023-01-02,13:40:36,2,8,Hell's Kitchen,47,3,Tea,Brewed Green tea,Serenity Green Tea Lg
799,2023-01-02,13:40:53,1,5,Lower Manhattan,48,2.5,Tea,Brewed Black tea,English Breakfast Rg
800,2023-01-02,13:40:53,1,5,Lower Manhattan,79,3.75,Bakery,Scone,Jumbo Savory Scone
801,2023-01-02,13:42:07,1,8,Hell's Kitchen,36,3.75,Coffee,Premium brewed coffee,Jamaican Coffee River Lg
802,2023-01-02,13:47:24,1,3,Astoria,28,2,Coffee,Gourmet brewed coffee,Columbian Medium Roast Sm
803,2023-01-02,13:47:27,2,8,Hell's Kitchen,59,4.5,Drinking Chocolate,Hot chocolate,Dark chocolate Lg
804,2023-01-02,13:48:27,2,8,Hell's Kitchen,26,3,Coffee,Organic brewed coffee,Brazilian Rg
805,2023-01-02,13:48:27,1,8,Hell's Kitchen,73,3.75,Bakery,Pastry,Almond Croissant
806,2023-01-02,13:51:33,1,3,Astoria,60,3.75,Drinking Chocolate,Hot chocolate,Sustainably Grown Organic Rg
807,2023-01-02,13:51:33,1,3,Astoria,70,3.25,Bakery,Scone,Cranberry Scone
808,2023-01-02,13:52:27,2,3,Astoria,54,2.5,Tea,Brewed Chai tea,Morning Sunrise Chai Rg
809,2023-01-02,13:53:04,1,8,Hell's Kitchen,26,3,Coffee,Organic brewed coffee,Brazilian Rg
810,2023-01-02,13:53:04,1,8,Hell's Kitchen,79,3.75,Bakery,Scone,Jumbo Savory Scone
811,2023-01-02,13:55:38,1,8,Hell's Kitchen,23,2.5,Coffee,Drip coffee,Our Old Time Diner Blend Rg
812,2023-01-02,13:55:38,1,8,Hell's Kitchen,71,3.75,Bakery,Pastry,Chocolate Croissant
813,2023-01-02,13:56:19,1,5,Lower Manhattan,39,4.25,Coffee,Barista Espresso,Latte Rg
814,2023-01-02,13:57:59,2,8,Hell's Kitchen,38,3.75,Coffee,Barista Espresso,Latte
815,2023-01-02,13:58:30,2,3,Astoria,36,3.75,Coffee,Premium brewed coffee,Jamaican Coffee River Lg
816,2023-01-02,13:58:36,1,3,Astoria,39,4.25,Coffee,Barista Espresso,Latte Rg
817,2023-01-02,14:01:23,1,8,Hell's Kitchen,46,2.5,Tea,Brewed Green tea,Serenity Green Tea Rg
818,2023-01-02,14:02:16,2,8,Hell's Kitchen,25,2.2,Coffee,Organic brewed coffee,Brazilian Sm
819,2023-01-02,14:02:44,2,3,Astoria,22,2,Coffee,Drip coffee,Our Old Time Diner Blend Sm
820,2023-01-02,14:03:27,1,3,Astoria,59,4.5,Drinking Chocolate,Hot chocolate,Dark chocolate Lg
821,2023-01-02,14:05:27,1,5,Lower Manhattan,56,2.55,Tea,Brewed Chai tea,Spicy Eye Opener Chai Rg
822,2023-01-02,14:05:27,1,5,Lower Manhattan,75,3.5,Bakery,Pastry,Croissant
823,2023-01-02,14:07:17,1,3,Astoria,37,3,Coffee,Barista Espresso,Espresso shot
824,2023-01-02,14:07:49,2,5,Lower Manhattan,60,3.75,Drinking Chocolate,Hot chocolate,Sustainably Grown Organic Rg
825,2023-01-02,14:08:49,1,3,Astoria,40,3.75,Coffee,Barista Espresso,Cappuccino
826,2023-01-02,14:11:08,1,5,Lower Manhattan,28,2,Coffee,Gourmet brewed coffee,Columbian Medium Roast Sm
827,2023-01-02,14:12:00,1,8,Hell's Kitchen,46,2.5,Tea,Brewed Green tea,Serenity Green Tea Rg
828,2023-01-02,14:12:07,2,5,Lower Manhattan,51,3,Tea,Brewed Black tea,Earl Grey Lg
829,2023-01-02,14:12:35,2,3,Astoria,54,2.5,Tea,Brewed Chai tea,Morning Sunrise Chai Rg
830,2023-01-02,14:12:35,1,3,Astoria,72,3.25,Bakery,Scone,Ginger Scone
831,2023-01-02,14:13:26,1,8,Hell's Kitchen,55,4,Tea,Brewed Chai tea,Morning Sunrise Chai Lg
832,2023-01-02,14:13:37,2,5,Lower Manhattan,25,2.2,Coffee,Organic brewed coffee,Brazilian Sm
833,2023-01-02,14:14:26,2,3,Astoria,58,3.5,Drinking Chocolate,Hot chocolate,Dark chocolate Rg
834,2023-01-02,14:17:08,1,3,Astoria,23,2.5,Coffee,Drip coffee,Our Old Time Diner Blend Rg
835,2023-01-02,14:17:55,2,3,Astoria,61,4.75,Drinking Chocolate,Hot chocolate,Sustainably Grown Organic Lg
836,2023-01-02,14:17:55,1,3,Astoria,75,3.5,Bakery,Pastry,Croissant
837,2023-01-02,14:19:24,1,3,Astoria,49,3,Tea,Brewed Black tea,English Breakfast Lg
838,2023-01-02,14:21:55,2,8,Hell's Kitchen,41,4.25,Coffee,Barista Espresso,Cappuccino Lg
839,2023-01-02,14:24:46,1,3,Astoria,30,3,Coffee,Gourmet brewed coffee,Columbian Medium Roast Lg
840,2023-01-02,14:25:35,1,8,Hell's Kitchen,31,2.2,Coffee,Gourmet brewed coffee,Ethiopia Sm
841,2023-01-02,14:26:33,1,8,Hell's Kitchen,36,3.75,Coffee,Premium brewed coffee,Jamaican Coffee River Lg
842,2023-01-02,14:29:35,2,3,Astoria,43,3,Tea,Brewed herbal tea,Lemon Grass Lg
843,2023-01-02,14:29:35,1,3,Astoria,71,3.75,Bakery,Pastry,Chocolate Croissant
844,2023-01-02,14:33:26,1,3,Astoria,22,2,Coffee,Drip coffee,Our Old Time Diner Blend Sm
845,2023-01-02,14:33:58,2,5,Lower Manhattan,37,3,Coffee,Barista Espresso,Espresso shot
846,2023-01-02,14:34:53,1,3,Astoria,48,2.5,Tea,Brewed Black tea,English Breakfast Rg
847,2023-01-02,14:36:56,2,5,Lower Manhattan,87,3,Coffee,Barista Espresso,Ouro Brasileiro shot
848,2023-01-02,14:37:44,2,8,Hell's Kitchen,52,2.5,Tea,Brewed Chai tea,Traditional Blend Chai Rg
849,2023-01-02,14:39:18,1,8,Hell's Kitchen,24,3,Coffee,Drip coffee,Our Old Time Diner Blend Lg
850,2023-01-02,14:40:25,2,3,Astoria,40,3.75,Coffee,Barista Espresso,Cappuccino
851,2023-01-02,14:42:21,1,3,Astoria,47,3,Tea,Brewed Green tea,Serenity Green Tea Lg
852,2023-01-02,14:42:21,1,3,Astoria,72,3.25,Bakery,Scone,Ginger Scone
853,2023-01-02,14:44:28,2,5,Lower Manhattan,52,2.5,Tea,Brewed Chai tea,Traditional Blend Chai Rg
854,2023-01-02,14:46:31,2,8,Hell's Kitchen,23,2.5,Coffee,Drip coffee,Our Old Time Diner Blend Rg
855,2023-01-02,14:48:02,2,5,Lower Manhattan,27,3.5,Coffee,Organic brewed coffee,Brazilian Lg
856,2023-01-02,14:48:05,1,5,Lower Manhattan,41,4.25,Coffee,Barista Espresso,Cappuccino Lg
857,2023-01-02,14:48:53,1,8,Hell's Kitchen,32,3,Coffee,Gourmet brewed coffee,Ethiopia Rg
858,2023-01-02,14:51:11,1,3,Astoria,36,3.75,Coffee,Premium brewed coffee,Jamaican Coffee River Lg
859,2023-01-02,14:52:26,1,5,Lower Manhattan,46,2.5,Tea,Brewed Green tea,Serenity Green Tea Rg
860,2023-01-02,14:52:26,1,5,Lower Manhattan,76,3.5,Bakery,Biscotti,Chocolate Chip Biscotti
861,2023-01-02,14:54:33,2,3,Astoria,37,3,Coffee,Barista Espresso,Espresso shot
862,2023-01-02,14:54:40,1,5,Lower Manhattan,87,3,Coffee,Barista Espresso,Ouro Brasileiro shot
863,2023-01-02,14:54:46,2,5,Lower Manhattan,52,2.5,Tea,Brewed Chai tea,Traditional Blend Chai Rg
864,2023-01-02,14:55:38,2,8,Hell's Kitchen,36,3.75,Coffee,Premium brewed coffee,Jamaican Coffee River Lg
865,2023-01-02,14:58:21,2,8,Hell's Kitchen,87,3,Coffee,Barista Espresso,Ouro Brasileiro shot
866,2023-01-02,14:58:28,2,8,Hell's Kitchen,46,2.5,Tea,Brewed Green tea,Serenity Green Tea Rg
867,2023-01-02,14:59:08,1,8,Hell's Kitchen,30,3,Coffee,Gourmet brewed coffee,Columbian Medium Roast Lg
868,2023-01-02,15:03:12,2,3,Astoria,26,3,Coffee,Organic brewed coffee,Brazilian Rg
869,2023-01-02,15:03:12,1,3,Astoria,73,3.75,Bakery,Pastry,Almond Croissant
870,2023-01-02,15:04:21,2,3,Astoria,23,2.5,Coffee,Drip coffee,Our Old Time Diner Blend Rg
871,2023-01-02,15:05:22,1,3,Astoria,27,3.5,Coffee,Organic brewed coffee,Brazilian Lg
872,2023-01-02,15:05:22,1,3,Astoria,79,3.75,Bakery,Scone,Jumbo Savory Scone
873,2023-01-02,15:09:48,2,5,Lower Manhattan,31,2.2,Coffee,Gourmet brewed coffee,Ethiopia Sm
874,2023-01-02,15:10:48,1,8,Hell's Kitchen,44,2.5,Tea,Brewed herbal tea,Peppermint Rg
875,2023-01-02,15:12:44,1,3,Astoria,52,2.5,Tea,Brewed Chai tea,Traditional Blend Chai Rg
876,2023-01-02,15:15:03,1,3,Astoria,40,3.75,Coffee,Barista Espresso,Cappuccino
877,2023-01-02,15:15:03,1,3,Astoria,77,3,Bakery,Scone,Oatmeal Scone
878,2023-01-02,15:18:41,1,5,Lower Manhattan,59,4.5,Drinking Chocolate,Hot chocolate,Dark chocolate Lg
879,2023-01-02,15:19:46,1,3,Astoria,53,3,Tea,Brewed Chai tea,Traditional Blend Chai Lg
880,2023-01-02,15:21:45,2,3,Astoria,47,3,Tea,Brewed Green tea,Serenity Green Tea Lg
881,2023-01-02,15:22:19,2,8,Hell's Kitchen,28,2,Coffee,Gourmet brewed coffee,Columbian Medium Roast Sm
882,2023-01-02,15:23:29,2,8,Hell's Kitchen,45,3,Tea,Brewed herbal tea,Peppermint Lg
883,2023-01-02,15:24:16,1,3,Astoria,60,3.75,Drinking Chocolate,Hot chocolate,Sustainably Grown Organic Rg
884,2023-01-02,15:24:52,2,5,Lower Manhattan,48,2.5,Tea,Brewed Black tea,English Breakfast Rg
885,2023-01-02,15:26:08,1,3,Astoria,50,2.5,Tea,Brewed Black tea,Earl Grey Rg
886,2023-01-02,15:26:22,2,5,Lower Manhattan,42,2.5,Tea,Brewed herbal tea,Lemon Grass Rg
887,2023-01-02,15:26:22,1,5,Lower Manhattan,69,3.25,Bakery,Biscotti,Hazelnut Biscotti
888,2023-01-02,15:27:43,1,3,Astoria,58,3.5,Drinking Chocolate,Hot chocolate,Dark chocolate Rg
889,2023-01-02,15:27:48,1,3,Astoria,41,4.25,Coffee,Barista Espresso,Cappuccino Lg
890,2023-01-02,15:28:35,2,5,Lower Manhattan,87,3,Coffee,Barista Espresso,Ouro Brasileiro shot
891,2023-01-02,15:29:31,2,5,Lower Manhattan,44,2.5,Tea,Brewed herbal tea,Peppermint Rg
892,2023-01-02,15:30:51,1,8,Hell's Kitchen,40,3.75,Coffee,Barista Espresso,Cappuccino
893,2023-01-02,15:32:44,2,8,Hell's Kitchen,45,3,Tea,Brewed herbal tea,Peppermint Lg
894,2023-01-02,15:34:44,2,5,Lower Manhattan,34,2.45,Coffee,Premium brewed coffee,Jamaican Coffee River Sm
895,2023-01-02,15:35:22,1,8,Hell's Kitchen,53,3,Tea,Brewed Chai tea,Traditional Blend Chai Lg
896,2023-01-02,15:35:22,1,8,Hell's Kitchen,69,3.25,Bakery,Biscotti,Hazelnut Biscotti
897,2023-01-02,15:35:30,2,5,Lower Manhattan,60,3.75,Drinking Chocolate,Hot chocolate,Sustainably Grown Organic Rg
898,2023-01-02,15:35:30,1,5,Lower Manhattan,70,3.25,Bakery,Scone,Cranberry Scone
899,2023-01-02,15:36:29,2,8,Hell's Kitchen,46,2.5,Tea,Brewed Green tea,Serenity Green Tea Rg
900,2023-01-02,15:36:47,2,3,Astoria,23,2.5,Coffee,Drip coffee,Our Old Time Diner Blend Rg
901,2023-01-02,15:37:20,2,8,Hell's Kitchen,33,3.5,Coffee,Gourmet brewed coffee,Ethiopia Lg
902,2023-01-02,15:37:20,1,8,Hell's Kitchen,69,3.25,Bakery,Biscotti,Hazelnut Biscotti
903,2023-01-02,15:38:44,2,5,Lower Manhattan,47,3,Tea,Brewed Green tea,Serenity Green Tea Lg
904,2023-01-02,15:41:09,1,8,Hell's Kitchen,52,2.5,Tea,Brewed Chai tea,Traditional Blend Chai Rg
905,2023-01-02,15:41:09,1,8,Hell's Kitchen,69,3.25,Bakery,Biscotti,Hazelnut Biscotti
906,2023-01-02,15:41:55,2,5,Lower Manhattan,47,3,Tea,Brewed Green tea,Serenity Green Tea Lg
907,2023-01-02,15:41:55,1,5,Lower Manhattan,74,3.5,Bakery,Biscotti,Ginger Biscotti
908,2023-01-02,15:42:50,1,8,Hell's Kitchen,23,2.5,Coffee,Drip coffee,Our Old Time Diner Blend Rg
909,2023-01-02,15:44:59,2,3,Astoria,44,2.5,Tea,Brewed herbal tea,Peppermint Rg
910,2023-01-02,15:48:55,1,5,Lower Manhattan,46,2.5,Tea,Brewed Green tea,Serenity Green Tea Rg
911,2023-01-02,15:48:55,1,5,Lower Manhattan,73,3.75,Bakery,Pastry,Almond Croissant
912,2023-01-02,15:49:27,1,5,Lower Manhattan,42,2.5,Tea,Brewed herbal tea,Lemon Grass Rg
913,2023-01-02,15:49:27,1,5,Lower Manhattan,78,4.5,Bakery,Scone,Scottish Cream Scone 
914,2023-01-02,15:50:12,2,3,Astoria,54,2.5,Tea,Brewed Chai tea,Morning Sunrise Chai Rg
915,2023-01-02,15:50:12,1,3,Astoria,79,3.75,Bakery,Scone,Jumbo Savory Scone
916,2023-01-02,15:50:27,2,5,Lower Manhattan,47,3,Tea,Brewed Green tea,Serenity Green Tea Lg
917,2023-01-02,15:50:28,2,8,Hell's Kitchen,46,2.5,Tea,Brewed Green tea,Serenity Green Tea Rg
918,2023-01-02,15:51:29,1,5,Lower Manhattan,34,2.45,Coffee,Premium brewed coffee,Jamaican Coffee River Sm
919,2023-01-02,15:51:57,2,5,Lower Manhattan,38,3.75,Coffee,Barista Espresso,Latte
920,2023-01-02,15:52:14,2,5,Lower Manhattan,34,2.45,Coffee,Premium brewed coffee,Jamaican Coffee River Sm
921,2023-01-02,15:52:58,1,8,Hell's Kitchen,56,2.55,Tea,Brewed Chai tea,Spicy Eye Opener Chai Rg
922,2023-01-02,15:54:43,2,8,Hell's Kitchen,28,2,Coffee,Gourmet brewed coffee,Columbian Medium Roast Sm
923,2023-01-02,15:55:19,1,5,Lower Manhattan,55,4,Tea,Brewed Chai tea,Morning Sunrise Chai Lg
924,2023-01-02,15:55:19,1,5,Lower Manhattan,79,3.75,Bakery,Scone,Jumbo Savory Scone
925,2023-01-02,15:55:27,2,5,Lower Manhattan,56,2.55,Tea,Brewed Chai tea,Spicy Eye Opener Chai Rg
926,2023-01-02,15:56:41,1,8,Hell's Kitchen,48,2.5,Tea,Brewed Black tea,English Breakfast Rg
927,2023-01-02,15:58:07,2,5,Lower Manhattan,29,2.5,Coffee,Gourmet brewed coffee,Columbian Medium Roast Rg
928,2023-01-02,15:59:37,1,3,Astoria,58,3.5,Drinking Chocolate,Hot chocolate,Dark chocolate Rg
929,2023-01-02,15:59:53,2,3,Astoria,43,3,Tea,Brewed herbal tea,Lemon Grass Lg
930,2023-01-02,16:00:33,2,3,Astoria,51,3,Tea,Brewed Black tea,Earl Grey Lg
931,2023-01-02,16:00:33,1,3,Astoria,78,4.5,Bakery,Scone,Scottish Cream Scone 
932,2023-01-02,16:02:09,1,5,Lower Manhattan,40,3.75,Coffee,Barista Espresso,Cappuccino
933,2023-01-02,16:02:21,1,5,Lower Manhattan,44,2.5,Tea,Brewed herbal tea,Peppermint Rg
934,2023-01-02,16:05:18,1,5,Lower Manhattan,52,2.5,Tea,Brewed Chai tea,Traditional Blend Chai Rg
935,2023-01-02,16:06:01,2,5,Lower Manhattan,34,2.45,Coffee,Premium brewed coffee,Jamaican Coffee River Sm
936,2023-01-02,16:06:18,1,3,Astoria,39,4.25,Coffee,Barista Espresso,Latte Rg
937,2023-01-02,16:08:22,1,5,Lower Manhattan,54,2.5,Tea,Brewed Chai tea,Morning Sunrise Chai Rg
938,2023-01-02,16:09:17,1,3,Astoria,39,4.25,Coffee,Barista Espresso,Latte Rg
939,2023-01-02,16:09:45,2,3,Astoria,45,3,Tea,Brewed herbal tea,Peppermint Lg
940,2023-01-02,16:11:04,1,3,Astoria,40,3.75,Coffee,Barista Espresso,Cappuccino
941,2023-01-02,16:11:57,2,8,Hell's Kitchen,26,3,Coffee,Organic brewed coffee,Brazilian Rg
942,2023-01-02,16:12:01,2,8,Hell's Kitchen,47,3,Tea,Brewed Green tea,Serenity Green Tea Lg
943,2023-01-02,16:14:09,1,5,Lower Manhattan,30,3,Coffee,Gourmet brewed coffee,Columbian Medium Roast Lg
944,2023-01-02,16:14:09,1,5,Lower Manhattan,78,4.5,Bakery,Scone,Scottish Cream Scone 
945,2023-01-02,16:18:15,2,3,Astoria,53,3,Tea,Brewed Chai tea,Traditional Blend Chai Lg
946,2023-01-02,16:19:33,1,3,Astoria,38,3.75,Coffee,Barista Espresso,Latte
947,2023-01-02,16:19:48,2,5,Lower Manhattan,60,3.75,Drinking Chocolate,Hot chocolate,Sustainably Grown Organic Rg
948,2023-01-02,16:19:48,1,5,Lower Manhattan,78,4.5,Bakery,Scone,Scottish Cream Scone 
949,2023-01-02,16:22:25,1,3,Astoria,48,2.5,Tea,Brewed Black tea,English Breakfast Rg
